const,Neighborhood_Crawfor,Neighborhood_NoRidge,Neighborhood_NridgHt,Neighborhood_StoneBr,Neighborhood_Veenker,Condition2_PosN,Exterior1st_BrkFace,Fireplaces,GarageArea,OverallQual,OverallCond,GarageCars,TotRmsAbvGrd,OverallQual * LotArea,YearBuilt * TotRmsAbvGrd,OverallQual**2
1.0,0,0,0,0,0,0,0,0,548,7,5,2,8,59150,16024,49
1.0,0,0,0,0,1,0,0,1,460,6,8,2,6,57600,11856,36
1.0,0,0,0,0,0,0,0,1,608,7,5,2,6,78750,12006,49
1.0,1,0,0,0,0,0,0,1,642,7,5,3,7,66850,13405,49
1.0,0,1,0,0,0,0,0,1,836,8,5,3,9,114080,18000,64
1.0,0,0,0,0,0,0,0,0,480,5,5,2,5,70575,9965,25
1.0,0,0,0,0,0,0,0,1,636,8,5,2,7,80672,14028,64
1.0,0,0,0,0,0,0,0,2,484,7,6,2,7,72674,13811,49
1.0,0,0,0,0,0,0,1,2,468,7,5,2,8,42840,15448,49
1.0,0,0,0,0,0,0,0,2,205,5,6,1,5,37100,9695,25
1.0,0,0,0,0,0,0,0,0,384,5,5,1,5,56000,9825,25
1.0,0,0,1,0,0,0,0,2,736,9,5,3,11,107316,22055,81
1.0,0,0,0,0,0,0,0,0,352,5,6,1,4,64840,7848,25
1.0,0,0,0,0,0,0,0,1,840,7,5,3,7,74564,14042,49
1.0,0,0,0,0,0,0,0,1,352,6,5,1,5,65520,9800,36
1.0,0,0,0,0,0,0,0,0,576,7,8,2,5,42840,9645,49
1.0,0,0,0,0,0,0,0,1,480,6,7,2,5,67446,9850,36
1.0,0,0,0,0,0,0,0,0,516,4,5,2,6,43164,11802,16
1.0,0,0,0,0,0,0,0,0,576,5,5,2,6,68475,12024,25
1.0,0,0,0,0,0,0,1,0,294,5,6,1,6,37800,11748,25
1.0,0,0,1,0,0,0,0,1,853,8,5,3,9,113720,18045,64
1.0,0,0,0,0,0,0,0,1,280,7,7,1,6,52143,11580,49
1.0,0,0,0,0,0,0,0,1,534,8,5,2,7,77936,14014,64
1.0,0,0,0,0,0,0,0,1,572,5,7,2,6,21120,11856,25
1.0,0,0,0,0,0,0,0,1,270,5,8,1,6,41230,11808,25
1.0,0,0,1,0,0,0,0,1,890,8,5,3,7,113840,14049,64
1.0,0,0,0,0,0,0,0,0,576,5,7,2,5,36000,9755,25
1.0,0,0,1,0,0,0,0,1,772,8,5,3,7,91824,14049,64
1.0,0,0,0,0,0,0,0,2,319,5,6,1,6,81605,11742,25
1.0,0,0,0,0,0,0,0,0,240,4,6,1,4,25296,7708,16
1.0,0,0,0,0,0,0,1,0,250,4,4,1,6,34000,11520,16
1.0,0,0,0,0,0,0,0,0,271,5,6,1,6,42720,11796,25
1.0,0,0,0,0,0,0,0,0,484,8,5,2,7,88392,14049,64
1.0,0,0,0,0,0,0,1,1,447,5,5,2,6,52760,11754,25
1.0,0,0,1,0,0,0,0,1,556,9,5,2,6,65817,12030,81
1.0,0,0,1,0,0,0,0,1,691,8,5,3,9,107344,18036,64
1.0,0,0,0,0,0,0,0,0,672,5,5,2,6,54295,11964,25
1.0,0,0,0,0,0,0,0,1,498,5,6,2,5,42660,9770,25
1.0,0,0,0,0,0,0,0,0,246,5,7,1,5,39610,9765,25
1.0,0,0,0,0,0,0,0,1,440,6,5,2,6,51948,11790,36
1.0,0,0,0,0,0,0,0,2,308,5,6,1,5,84525,9795,25
1.0,0,0,0,0,0,0,0,0,504,5,7,2,5,45900,9915,25
1.0,0,0,0,0,0,0,0,0,308,5,6,1,5,46000,9875,25
1.0,0,0,0,0,0,0,1,0,300,5,6,1,6,39725,11754,25
1.0,0,0,1,0,0,0,0,1,576,9,5,2,6,68922,12030,81
1.0,0,0,0,0,0,0,0,1,670,7,5,2,6,89754,12018,49
1.0,0,0,0,0,0,0,0,0,826,8,5,3,7,88768,14042,64
1.0,0,0,0,0,0,0,0,0,386,5,7,1,6,38710,11796,25
1.0,0,0,0,0,0,0,0,0,388,6,6,2,6,83214,11982,36
1.0,0,0,0,0,0,0,0,1,528,6,6,2,6,37440,11604,36
1.0,0,0,0,0,0,0,0,0,516,5,5,2,5,42360,9815,25
1.0,0,0,0,0,1,0,0,1,894,9,5,3,5,452439,9905,81
1.0,0,0,0,0,0,0,0,1,572,5,5,2,6,35670,11730,25
1.0,0,0,0,0,0,0,0,1,576,6,5,2,7,61050,13748,36
1.0,0,0,0,0,0,0,0,0,480,8,5,2,7,21160,13993,64
1.0,0,0,0,0,0,0,0,0,565,7,5,2,7,81515,14028,49
1.0,0,0,0,1,0,0,0,1,641,10,5,3,10,136820,20060,100
1.0,0,0,0,0,0,0,0,0,352,5,7,1,4,36000,7888,25
1.0,0,0,0,0,0,0,0,0,576,6,5,2,5,78432,10020,36
1.0,0,0,0,0,0,0,0,0,288,5,7,1,6,36000,11520,25
1.0,0,0,1,0,0,0,0,1,484,8,5,2,6,51536,12036,64
1.0,0,0,0,0,0,0,0,0,480,7,6,2,9,72100,17289,49
1.0,0,0,0,0,0,0,0,0,645,7,5,2,8,65625,15976,49
1.0,0,0,1,0,0,0,0,1,852,8,5,3,9,76728,18036,64
1.0,0,0,0,0,0,0,0,1,576,7,5,2,7,139300,13790,49
1.0,0,0,0,0,0,0,0,0,558,7,5,2,7,74655,14021,49
1.0,0,0,0,0,0,0,0,0,220,4,6,1,4,18432,7780,16
1.0,0,0,0,0,0,0,1,1,667,7,4,2,7,109151,13671,49
1.0,0,0,0,0,0,0,0,2,516,7,6,2,8,95557,15784,49
1.0,0,0,0,0,0,0,0,0,360,4,6,2,4,30396,7928,16
1.0,0,0,0,0,0,0,0,1,427,7,5,2,7,70987,13986,49
1.0,0,0,0,0,0,0,0,0,490,5,7,2,6,51000,11724,25
1.0,0,0,0,0,0,0,0,0,379,3,6,1,8,17370,15320,9
1.0,0,0,0,0,0,0,0,0,297,4,5,1,5,6384,9865,16
1.0,0,0,0,0,0,0,0,0,283,4,7,1,4,33900,7824,16
1.0,0,0,0,0,0,0,0,0,240,5,5,1,6,43175,11688,25
1.0,0,0,0,0,0,0,0,0,440,5,6,2,5,52200,9550,25
1.0,0,0,0,0,0,0,0,1,509,6,6,1,8,78000,15744,36
1.0,0,0,0,0,0,0,0,0,405,6,5,2,5,27000,9990,36
1.0,0,0,0,0,0,0,0,1,758,8,5,3,6,81648,12042,64
1.0,0,0,0,0,0,0,0,0,461,5,5,2,6,44460,11760,25
1.0,0,0,0,0,0,0,0,1,400,7,5,2,7,59710,13965,49
1.0,0,1,0,0,0,0,0,1,462,8,5,2,9,128472,17919,64
1.0,0,0,0,0,0,0,0,1,400,6,5,2,6,71466,12030,36
1.0,0,0,0,0,0,0,0,0,528,6,5,2,4,23706,8036,36
1.0,0,0,0,0,0,0,1,0,420,4,5,2,4,28800,7800,16
1.0,0,0,0,0,0,0,0,0,480,5,3,2,6,42500,11766,25
1.0,1,0,0,0,0,0,0,0,432,5,7,2,5,66800,9605,25
1.0,0,0,0,0,0,0,0,1,506,6,6,2,9,43200,17190,36
1.0,0,0,0,0,0,0,0,0,684,6,5,2,7,56022,13979,36
1.0,0,0,0,0,0,0,0,1,420,6,8,2,6,58590,11958,36
1.0,0,0,0,0,0,0,0,0,472,7,5,2,6,71848,11994,49
1.0,0,0,0,0,0,0,0,0,432,4,5,1,6,43684,11790,16
1.0,0,0,0,0,0,0,0,0,366,5,5,1,5,53125,9600,25
1.0,0,0,0,0,0,0,0,2,480,6,7,2,6,63618,11862,36
1.0,0,0,0,0,0,0,0,1,476,6,5,2,7,55236,13895,36
1.0,0,0,0,0,0,0,0,0,410,5,5,2,8,35090,15832,25
1.0,0,0,0,0,0,0,0,0,740,7,5,3,6,72814,12054,49
1.0,0,0,0,0,0,0,0,2,240,7,4,1,7,54306,13517,49
1.0,0,0,0,0,0,0,0,1,648,8,5,2,9,75000,18027,64
1.0,0,0,0,0,0,0,0,0,273,4,7,1,6,43200,11310,16
1.0,0,0,0,0,0,0,0,0,250,5,5,1,5,30000,9740,25
1.0,0,0,0,0,0,0,0,1,546,6,6,2,7,70506,13839,36
1.0,0,0,0,0,0,0,0,0,325,6,4,1,7,57150,13678,36
1.0,0,0,0,0,0,0,0,1,400,7,5,2,7,54250,14000,49
1.0,0,0,0,0,0,0,0,1,792,7,5,3,10,69755,20070,49
1.0,1,0,0,0,0,0,0,2,450,6,5,2,7,126000,13671,36
1.0,1,0,0,0,0,0,0,1,180,6,8,1,9,43554,17505,36
1.0,0,0,0,0,0,0,0,1,440,6,5,2,5,19380,9995,36
1.0,0,0,0,0,0,0,0,1,288,5,5,1,6,58080,11772,25
1.0,0,0,0,0,0,0,0,0,430,5,5,2,5,42680,10030,25
1.0,0,0,0,0,0,0,0,2,594,7,5,3,11,86632,21890,49
1.0,0,0,0,0,0,0,0,1,390,6,5,2,8,50766,16040,36
1.0,0,0,0,0,0,0,0,2,540,6,5,2,4,128718,7876,36
1.0,0,0,0,0,0,0,0,0,264,4,5,1,4,24240,7756,16
1.0,0,0,0,0,0,0,0,0,288,6,7,1,5,56784,9790,36
1.0,0,0,0,0,0,0,0,0,530,6,5,2,5,47352,9965,36
1.0,0,0,0,0,0,0,0,1,435,6,5,2,7,102258,13853,36
1.0,0,0,0,0,0,0,0,1,440,6,5,2,5,29568,9880,36
1.0,0,0,0,0,0,0,0,1,453,6,5,2,6,45540,11796,36
1.0,0,0,0,0,0,0,0,0,750,5,7,2,6,44865,11748,25
1.0,0,0,0,0,0,0,0,2,487,7,6,2,8,99400,15728,49
1.0,0,0,0,0,0,0,0,1,390,6,5,2,7,73344,14000,36
1.0,0,0,0,0,0,0,0,0,624,5,6,2,7,36940,13713,25
1.0,0,0,0,0,0,0,0,0,471,8,5,2,6,54824,12006,64
1.0,0,0,0,0,0,0,0,1,440,5,6,2,7,51675,13776,25
1.0,0,0,0,0,0,0,0,1,530,7,6,2,7,72800,13790,49
1.0,0,0,0,0,0,0,0,1,318,5,5,1,5,51775,9835,25
1.0,0,0,0,0,0,0,0,0,766,7,5,3,9,77490,17892,49
1.0,0,0,0,0,0,0,0,2,660,8,5,3,7,72528,13993,64
1.0,0,0,0,0,0,0,0,0,470,6,5,2,7,92556,13979,36
1.0,0,0,0,0,0,0,0,0,660,7,5,2,7,81515,14035,49
1.0,0,0,0,0,0,0,1,0,720,5,4,2,6,42600,11712,25
1.0,0,0,0,0,0,0,0,0,577,7,5,2,6,72345,11994,49
1.0,0,0,0,0,0,0,0,0,504,5,5,2,10,45500,19630,25
1.0,0,0,0,0,0,0,0,0,380,6,5,2,7,15132,14028,36
1.0,0,0,0,0,0,0,0,0,180,5,7,1,5,30600,9655,25
1.0,0,0,0,0,0,0,0,1,434,7,5,2,8,66535,16008,49
1.0,0,0,0,0,0,0,0,0,240,5,4,1,7,31200,13552,25
1.0,0,0,0,0,0,0,0,0,440,5,6,2,5,51780,9875,25
1.0,0,0,1,0,0,0,0,1,866,8,5,3,6,111128,12042,64
1.0,0,0,0,0,0,0,0,1,495,6,5,2,8,88818,15768,36
1.0,0,0,0,0,0,0,1,1,564,6,7,2,4,81000,7840,36
1.0,0,0,0,0,0,0,0,0,312,6,5,1,7,68040,13461,36
1.0,0,0,0,0,0,0,0,0,625,5,7,2,5,36000,9750,25
1.0,0,0,0,0,0,0,0,1,680,8,5,3,8,96024,16072,64
1.0,0,0,0,0,0,0,0,1,678,7,5,2,8,87864,16032,49
1.0,0,0,0,0,0,0,0,1,576,7,5,2,9,135646,18045,49
1.0,0,0,0,0,1,0,0,0,516,6,6,2,6,66720,11904,36
1.0,0,0,1,0,0,0,0,2,726,9,5,3,10,123192,20030,81
1.0,0,0,1,0,0,0,0,1,532,7,5,2,7,85274,14035,49
1.0,0,0,0,0,0,0,0,0,216,6,7,1,5,32400,9630,36
1.0,0,0,0,0,0,0,0,3,303,5,5,1,7,53540,13685,25
1.0,0,0,1,0,0,0,0,1,789,8,5,3,8,84496,16056,64
1.0,0,0,0,0,0,0,0,1,440,7,5,2,7,57708,14028,49
1.0,0,0,0,0,0,0,0,1,511,8,6,2,6,133352,11886,64
1.0,0,0,0,0,0,0,0,0,660,5,6,2,7,61790,13587,25
1.0,0,0,0,0,0,0,1,2,528,6,5,2,7,190620,13720,36
1.0,0,0,0,1,0,0,0,1,504,7,7,2,5,37142,9935,49
1.0,0,0,0,0,0,0,0,1,504,6,5,2,6,61182,11766,36
1.0,0,0,0,0,0,0,0,1,616,6,5,2,7,74496,13902,36
1.0,0,0,0,0,0,0,0,1,576,6,7,2,7,75690,13650,36
1.0,0,0,0,0,0,0,0,1,521,6,5,2,8,60174,15904,36
1.0,0,0,0,0,0,0,0,1,451,5,5,2,8,68250,15664,25
1.0,0,0,0,1,0,0,0,1,1166,9,5,3,9,156807,18072,81
1.0,0,0,0,0,0,0,0,0,480,5,6,2,5,42600,9615,25
1.0,0,0,0,0,0,0,0,1,440,6,5,2,5,12702,10000,36
1.0,1,0,0,0,0,0,0,1,216,7,6,1,9,53116,17280,49
1.0,0,0,0,0,0,0,0,1,252,5,6,1,7,45300,13699,25
1.0,0,0,0,0,0,0,0,0,484,7,5,2,6,79982,12018,49
1.0,0,0,0,0,0,0,0,0,576,5,8,2,5,37190,9540,25
1.0,0,0,0,0,0,0,0,2,840,10,9,3,12,229500,22704,100
1.0,0,0,0,0,0,0,0,0,497,7,5,2,6,69629,11940,49
1.0,0,0,0,0,0,0,0,0,180,5,7,1,8,52050,15328,25
1.0,0,0,0,0,0,0,0,2,528,5,5,2,6,35090,11874,25
1.0,0,0,0,1,0,0,0,1,682,8,5,2,5,39384,10005,64
1.0,1,0,0,0,0,0,1,2,440,8,8,2,10,84560,19320,64
1.0,0,0,0,0,0,0,0,0,484,7,9,2,7,52304,13804,49
1.0,0,0,0,0,0,0,0,0,666,7,5,2,6,63119,11994,49
1.0,0,0,0,0,0,0,0,0,380,7,5,2,7,17654,14028,49
1.0,0,0,0,0,0,0,0,0,352,5,7,1,5,35900,9860,25
1.0,0,0,0,0,0,0,0,1,440,6,6,2,7,13680,13832,36
1.0,0,0,0,0,0,0,0,1,786,7,5,3,8,65912,16056,49
1.0,0,0,0,0,0,0,0,1,795,8,4,2,8,203352,15344,64
1.0,0,0,1,0,0,0,0,1,856,8,5,3,7,76728,14028,64
1.0,0,0,0,0,0,0,0,0,440,4,5,2,5,34184,10015,16
1.0,0,0,0,0,0,0,0,2,473,6,6,2,6,60750,11862,36
1.0,0,0,0,0,0,0,0,0,398,6,6,1,6,42000,11544,36
1.0,0,0,0,0,0,0,0,1,420,6,5,2,3,26628,6012,36
1.0,0,0,0,0,0,0,0,0,240,5,7,1,5,17500,9735,25
1.0,0,0,0,0,0,0,0,0,500,7,5,2,5,82957,9950,49
1.0,0,0,0,0,0,0,0,1,349,5,5,1,8,68365,15696,25
1.0,0,0,0,0,0,0,0,1,312,4,5,1,6,49972,11760,16
1.0,0,0,0,0,0,0,0,1,454,7,5,2,7,100548,13916,49
1.0,0,0,0,0,0,0,0,0,504,6,7,2,6,49500,11784,36
1.0,0,0,0,0,0,0,0,0,460,6,5,2,6,62520,12054,36
1.0,0,0,0,0,0,0,0,1,644,7,5,2,7,60480,14063,49
1.0,0,0,0,0,0,0,0,0,576,5,5,2,5,67840,9975,25
1.0,0,0,0,0,0,0,0,0,299,6,7,1,6,65400,11862,36
1.0,0,0,0,0,0,0,0,1,447,5,6,1,6,50055,11742,25
1.0,0,0,0,0,0,0,0,0,484,7,5,2,8,59150,16032,49
1.0,0,0,0,0,0,0,0,0,210,4,4,1,8,39624,15400,16
1.0,1,0,0,0,0,0,0,2,431,7,9,2,8,109620,15512,49
1.0,0,0,0,0,0,0,0,0,438,7,5,2,5,21070,10025,49
1.0,0,0,0,0,0,0,0,0,675,7,5,2,5,62930,10030,49
1.0,0,0,0,0,0,0,0,1,390,6,5,2,8,48408,16016,36
1.0,0,0,0,0,0,0,0,1,434,6,6,2,6,68850,11850,36
1.0,0,0,0,0,0,0,0,0,576,4,6,2,4,42000,7884,16
1.0,0,0,1,0,0,0,0,1,968,10,5,3,8,134720,16024,100
1.0,0,0,0,0,0,0,0,0,280,5,5,1,6,8400,11826,25
1.0,0,1,0,0,0,0,0,1,721,7,5,3,9,69650,17955,49
1.0,0,0,0,0,0,0,0,0,280,6,6,1,5,11214,9850,36
1.0,0,0,0,0,0,0,0,1,336,5,5,1,5,42605,9835,25
1.0,0,0,0,0,0,0,0,1,430,7,5,2,7,22274,14035,49
1.0,0,0,0,0,0,0,0,0,312,6,6,1,6,52560,11754,36
1.0,0,1,0,0,0,0,0,1,810,8,5,3,9,121104,17955,64
1.0,0,0,0,0,0,0,0,1,288,6,5,1,5,10080,9860,36
1.0,0,0,0,0,0,0,0,0,308,5,6,1,5,53250,9880,25
1.0,0,0,0,0,0,0,0,2,440,6,5,2,8,47106,16016,36
1.0,0,0,0,0,0,0,0,0,264,6,3,1,5,10080,9855,36
1.0,0,0,0,0,0,0,0,0,494,7,5,2,6,61411,12024,49
1.0,0,0,0,0,0,0,0,0,457,7,7,2,7,66171,13951,49
1.0,0,0,1,0,0,0,0,0,818,8,5,3,7,96240,14049,64
1.0,0,0,0,0,0,0,0,1,220,6,4,1,7,52446,13615,36
1.0,0,0,0,0,0,0,0,0,750,8,5,2,7,72000,14056,64
1.0,0,0,0,0,0,0,0,0,352,5,4,1,6,25000,11400,25
1.0,0,0,0,0,0,0,0,1,288,6,6,1,6,64572,11880,36
1.0,0,0,0,0,0,0,0,2,463,7,5,2,8,62160,15952,49
1.0,0,0,0,0,0,0,0,1,604,7,5,2,6,72800,11928,49
1.0,0,0,0,0,0,0,0,0,440,6,8,1,9,54852,17190,36
1.0,0,0,0,0,0,0,0,1,451,6,5,2,5,67860,9770,36
1.0,0,0,0,0,0,0,0,0,500,7,5,2,8,79219,16024,49
1.0,0,0,0,0,0,0,0,2,389,6,7,2,7,954000,13706,36
1.0,1,0,0,0,0,0,0,1,538,8,5,2,5,38000,10030,64
1.0,0,0,0,0,0,0,0,0,520,6,5,2,6,50196,12024,36
1.0,0,0,0,0,0,0,0,0,309,6,7,1,7,56100,13748,36
1.0,0,0,0,0,0,0,0,0,294,5,6,1,5,42000,9785,25
1.0,0,0,0,0,0,0,0,1,429,7,5,2,8,61166,15992,49
1.0,0,0,0,0,0,0,0,0,673,6,5,2,7,52746,14021,36
1.0,0,0,0,0,0,0,0,1,660,7,5,2,8,61698,16048,49
1.0,0,0,0,0,0,0,0,1,564,7,5,2,7,87045,14007,49
1.0,0,0,0,0,0,0,1,0,308,5,5,1,4,63510,7824,25
1.0,0,0,0,0,0,0,0,1,884,6,5,2,6,115776,11772,36
1.0,0,0,0,0,0,0,0,1,868,8,5,3,10,76704,20070,64
1.0,0,0,0,0,0,0,0,1,492,6,7,2,6,50826,11862,36
1.0,0,0,0,0,0,0,0,0,484,5,7,2,6,27500,11574,25
1.0,0,0,0,0,0,0,0,0,504,5,5,2,4,26160,7700,25
1.0,0,0,0,0,0,0,0,1,576,6,6,2,7,72540,13867,36
1.0,0,0,0,0,0,0,0,1,413,6,5,2,8,67242,15976,36
1.0,0,0,0,0,0,0,0,1,240,5,8,1,8,42000,15512,25
1.0,0,0,0,0,0,0,0,1,924,5,6,1,4,34500,7760,25
1.0,0,0,0,0,0,0,0,1,504,6,7,1,6,47502,11856,36
1.0,0,0,0,0,0,0,0,1,1053,8,5,3,8,85824,16048,64
1.0,0,0,0,0,0,0,0,2,439,7,7,2,5,273728,9770,49
1.0,0,1,0,0,0,0,0,1,671,8,7,3,9,94112,17991,64
1.0,0,0,0,0,0,0,0,1,338,6,6,1,6,57600,11748,36
1.0,0,0,0,0,0,0,0,0,264,5,7,1,5,41570,9910,25
1.0,0,0,0,0,0,0,0,0,672,7,7,2,5,50848,9625,49
1.0,0,0,0,0,0,0,0,0,573,7,5,2,7,64372,14021,49
1.0,0,0,0,0,0,0,0,0,400,4,5,2,4,76552,7804,16
1.0,0,0,1,0,0,0,0,1,732,9,5,3,8,130050,16048,81
1.0,0,0,0,0,0,0,0,1,505,7,5,2,8,70035,15816,49
1.0,0,0,0,0,0,0,0,1,575,7,6,2,7,79009,13923,49
1.0,0,0,0,0,0,0,0,0,572,6,5,2,5,43200,10030,36
1.0,0,0,1,0,0,0,0,1,626,7,5,2,6,35441,12042,49
1.0,0,0,0,0,0,0,0,1,898,8,5,3,6,76896,12048,64
1.0,0,0,0,0,0,0,0,0,529,6,5,2,5,48072,9960,36
1.0,0,0,0,0,0,0,0,0,528,7,5,2,5,29757,10030,49
1.0,0,0,0,0,0,0,0,1,440,6,7,2,7,58716,13734,36
1.0,0,0,0,0,0,0,0,0,280,5,5,1,5,49095,9835,25
1.0,0,0,0,0,0,0,0,0,384,6,7,1,7,52380,13405,36
1.0,0,0,0,0,0,0,0,1,685,8,5,2,8,124888,16048,64
1.0,0,0,0,0,0,0,0,1,281,5,4,1,8,57045,15592,25
1.0,0,0,0,0,0,0,0,1,539,7,7,2,9,116613,17793,49
1.0,0,0,0,0,0,0,0,2,418,6,5,2,7,57600,13671,36
1.0,0,0,0,0,0,0,0,0,588,6,6,2,6,47622,11904,36
1.0,0,0,0,0,0,0,0,0,282,5,5,1,6,68550,11700,25
1.0,0,0,0,0,0,0,0,1,576,7,5,2,7,51793,13979,49
1.0,0,0,0,0,0,0,0,1,539,6,6,2,7,70200,13776,36
1.0,1,0,0,0,0,0,0,1,300,6,8,1,6,84000,11700,36
1.0,1,0,0,0,0,0,0,2,375,5,5,1,5,78750,9765,25
1.0,0,0,0,0,0,0,0,1,683,8,5,2,9,129808,17982,64
1.0,0,0,0,0,0,0,0,1,843,7,5,3,6,95928,12006,49
1.0,0,0,0,0,0,0,0,0,552,5,7,2,5,49000,9860,25
1.0,0,0,0,0,0,0,0,1,870,7,9,3,10,128702,18800,49
1.0,0,0,0,0,0,0,0,0,888,8,5,3,8,83088,16032,64
1.0,0,0,0,0,0,0,0,1,746,7,5,3,8,94318,15920,49
1.0,0,0,0,0,0,0,0,0,539,4,5,2,4,49368,7760,16
1.0,0,0,1,0,0,0,0,3,708,9,5,3,8,111402,16024,81
1.0,0,0,0,0,0,0,0,1,420,6,5,2,6,46110,11958,36
1.0,0,0,0,0,0,0,0,1,240,6,6,1,5,48000,9740,36
1.0,0,0,0,0,0,0,0,1,410,5,7,2,5,39000,9695,25
1.0,0,0,0,0,0,0,1,2,513,7,5,2,8,1506715,15720,49
1.0,0,0,0,0,0,0,0,1,546,7,7,2,6,67200,11550,49
1.0,0,0,0,0,0,0,0,1,432,7,5,2,6,54565,12024,49
1.0,0,0,0,0,0,0,0,1,484,7,7,2,10,91035,19800,49
1.0,0,0,0,0,0,0,0,1,1025,8,5,3,8,72000,16048,64
1.0,0,1,0,0,0,0,0,1,656,7,5,3,9,69300,17937,49
1.0,0,0,0,0,0,0,0,2,588,7,5,2,6,98805,11880,49
1.0,0,0,1,0,0,0,0,0,840,9,5,3,9,146331,18054,81
1.0,0,0,1,0,0,0,0,1,872,8,5,3,10,96792,20040,64
1.0,0,0,0,0,0,0,0,1,576,7,5,2,8,72660,15888,49
1.0,0,0,0,0,0,0,0,0,220,3,8,1,6,17460,11730,9
1.0,0,0,0,0,0,0,0,1,564,7,7,2,11,78925,21637,49
1.0,0,0,0,0,0,0,0,0,360,5,6,2,5,25000,9705,25
1.0,0,0,0,0,1,0,1,2,473,8,5,2,6,86768,11958,64
1.0,0,0,0,0,0,0,0,0,292,6,5,1,7,69600,13720,36
1.0,0,0,0,0,0,0,0,0,441,6,6,2,10,71328,19160,36
1.0,0,0,0,0,0,0,0,0,189,5,5,1,6,32010,11520,25
1.0,0,0,0,0,0,0,0,0,352,5,4,1,10,53120,19640,25
1.0,0,0,0,0,0,0,0,0,308,5,6,1,6,40880,11748,25
1.0,0,0,1,0,0,0,0,1,880,8,5,3,7,85240,14021,64
1.0,0,0,1,0,0,0,0,1,484,7,5,2,6,57386,12024,49
1.0,0,0,0,0,0,0,0,2,472,6,5,2,7,54252,13986,36
1.0,0,0,0,0,0,0,0,2,529,5,6,2,7,823300,13755,25
1.0,0,0,0,1,0,0,0,1,676,9,5,3,8,127413,16040,81
1.0,0,0,0,0,0,0,0,0,532,7,5,2,7,63945,14014,49
1.0,0,0,0,0,0,0,0,0,440,7,7,2,8,99015,15872,49
1.0,0,0,0,0,0,0,0,0,297,6,7,1,6,74400,11748,36
1.0,0,0,0,0,0,0,0,0,431,8,5,2,9,113528,18018,64
1.0,0,0,0,0,0,0,0,0,294,4,4,1,4,33600,7800,16
1.0,0,0,0,0,0,0,0,0,400,3,4,2,6,25632,11694,9
1.0,0,0,1,0,0,0,0,1,564,9,5,2,6,79641,12030,81
1.0,0,0,0,0,0,0,0,0,336,5,3,1,4,12960,7904,25
1.0,0,0,0,0,0,0,0,1,312,6,5,1,6,38610,11634,36
1.0,0,0,0,0,0,0,0,0,301,6,8,1,5,76632,9800,36
1.0,0,0,0,0,0,0,0,2,498,6,5,2,6,105600,11760,36
1.0,0,0,1,0,0,0,0,0,474,7,5,2,6,17136,12018,49
1.0,0,0,1,0,0,0,0,2,706,9,5,3,10,183879,20050,81
1.0,0,0,1,0,0,0,0,1,617,9,5,2,6,70380,12042,81
1.0,0,0,0,0,0,0,0,1,445,7,5,2,6,36897,11916,49
1.0,0,0,0,0,0,0,0,0,200,5,6,1,5,45420,9705,25
1.0,0,0,0,0,0,0,0,0,484,6,8,2,5,51120,9640,36
1.0,0,0,0,0,0,0,0,2,240,6,5,1,6,50400,11640,36
1.0,0,0,0,0,0,0,0,0,521,6,5,2,6,67494,11970,36
1.0,0,0,0,0,0,0,0,0,400,6,6,2,6,55488,11952,36
1.0,0,0,0,0,0,0,0,1,528,5,5,2,6,21120,11856,25
1.0,0,0,0,0,0,0,0,0,288,5,4,1,6,34650,11748,25
1.0,0,1,0,0,0,0,0,1,592,8,5,2,7,96088,13986,64
1.0,0,0,0,0,0,0,0,1,470,6,6,2,5,45240,9890,36
1.0,0,0,0,0,0,0,0,0,240,5,5,1,8,45720,15520,25
1.0,0,0,0,0,0,0,0,1,672,7,5,2,7,51107,14021,49
1.0,0,0,0,0,0,0,0,0,264,6,8,1,5,10080,9860,36
1.0,0,0,0,0,0,0,0,1,566,6,5,2,6,112800,11856,36
1.0,0,0,0,0,0,0,0,0,468,5,7,1,6,53450,11520,25
1.0,0,0,0,0,0,0,0,2,514,6,5,2,6,57000,11778,36
1.0,0,0,0,0,0,0,0,1,296,6,5,1,6,54900,11772,36
1.0,0,0,0,0,0,0,0,1,244,5,6,1,7,39000,13678,25
1.0,0,0,0,0,0,0,0,1,576,5,7,2,7,49150,13713,25
1.0,0,0,0,0,0,0,0,1,460,6,5,2,7,48726,14000,36
1.0,0,0,0,0,0,0,0,1,680,4,4,2,7,68480,13713,16
1.0,0,0,0,0,0,0,0,0,264,6,5,1,4,43050,7936,36
1.0,0,0,0,0,0,0,0,0,270,5,6,1,5,53170,9765,25
1.0,0,0,0,0,0,0,0,1,434,7,5,2,8,57400,16024,49
1.0,0,0,0,0,0,0,0,0,576,5,5,2,5,44230,9980,25
1.0,0,0,0,0,0,0,0,1,610,8,5,2,8,89144,16032,64
1.0,0,0,0,1,0,0,0,1,834,9,2,3,8,102546,16080,81
1.0,0,0,0,0,0,0,0,1,463,6,5,2,7,48738,14000,36
1.0,0,0,0,0,0,0,1,1,308,5,6,1,6,25000,11544,25
1.0,0,0,0,0,0,0,0,1,572,7,5,2,5,50400,10030,49
1.0,0,0,0,0,0,0,0,0,639,7,5,2,8,64715,16048,49
1.0,0,0,0,0,0,0,0,0,360,6,3,2,5,54000,9640,36
1.0,0,0,0,0,0,0,0,2,501,6,5,2,9,318642,17928,36
1.0,0,0,0,0,0,0,0,1,430,8,5,2,6,25456,12024,64
1.0,0,0,0,0,0,0,0,1,352,6,6,1,6,43200,11856,36
1.0,0,0,0,0,0,0,0,0,577,7,5,2,6,65674,11994,49
1.0,0,0,1,0,0,0,0,1,846,10,5,3,9,124740,18063,100
1.0,0,0,0,0,0,0,0,0,384,5,8,1,7,42025,13300,25
1.0,0,0,0,0,0,0,0,1,560,6,5,2,7,73254,14007,36
1.0,0,0,0,0,0,0,0,0,294,5,7,1,5,41695,9795,25
1.0,0,0,0,0,0,0,0,0,240,5,6,1,5,50670,9700,25
1.0,0,0,0,0,0,0,0,0,596,5,6,1,6,47855,11736,25
1.0,0,0,0,0,0,0,0,0,600,5,5,2,6,36000,11832,25
1.0,0,0,0,0,0,0,0,1,264,5,5,1,8,37950,15696,25
1.0,0,0,0,0,0,0,0,0,338,5,2,1,6,44835,11520,25
1.0,0,0,0,0,0,0,0,0,438,7,5,2,7,56875,14042,49
1.0,0,0,0,0,1,0,1,2,500,8,5,2,4,119704,7984,64
1.0,0,0,0,0,0,0,0,1,400,7,5,2,6,61369,12030,49
1.0,0,0,0,0,0,0,0,0,240,5,8,1,4,51000,7760,25
1.0,0,1,0,0,0,0,0,1,420,8,5,2,10,96720,19980,64
1.0,0,0,0,0,0,0,0,1,373,6,5,2,7,62184,13965,36
1.0,0,0,0,0,0,0,0,1,490,4,4,2,8,39964,15808,16
1.0,0,0,0,0,0,0,0,0,240,6,5,1,6,62880,11616,36
1.0,1,0,0,0,0,0,0,0,308,6,7,1,8,93456,15320,36
1.0,0,0,1,0,0,0,0,1,947,7,5,3,9,99078,18054,49
1.0,0,0,0,0,0,0,0,1,836,8,5,3,8,86400,16056,64
1.0,0,0,0,0,0,0,0,0,350,5,3,1,5,47855,9790,25
1.0,0,0,0,0,0,0,0,0,572,5,5,2,5,173250,9775,25
1.0,0,0,0,0,0,0,0,1,484,7,5,2,7,30821,14063,49
1.0,0,0,0,0,0,0,0,1,360,5,6,2,5,44800,9635,25
1.0,0,0,0,0,0,0,0,1,678,7,5,3,9,78596,17937,49
1.0,0,0,0,0,0,0,0,0,396,7,5,2,6,62293,12042,49
1.0,0,0,0,0,0,0,0,1,440,6,7,2,6,47064,11868,36
1.0,1,0,0,0,0,0,0,1,864,6,6,3,10,134520,19180,36
1.0,0,0,0,0,0,0,0,0,240,5,6,1,7,40800,13580,25
1.0,0,0,0,0,0,0,0,1,304,5,6,1,6,42250,11808,25
1.0,0,0,0,0,0,0,0,0,784,7,5,4,8,49420,15976,49
1.0,0,0,0,0,0,0,0,1,529,6,7,2,8,99810,15816,36
1.0,0,0,0,0,0,0,0,0,520,5,5,2,4,108750,7816,25
1.0,0,1,0,0,0,0,0,1,696,8,5,3,8,73600,15984,64
1.0,0,0,0,0,0,0,0,1,297,6,5,1,6,54000,11736,36
1.0,0,0,0,0,0,0,0,2,240,7,8,1,6,23646,11676,49
1.0,0,0,0,0,0,0,0,1,569,7,5,2,5,89600,9945,49
1.0,0,0,0,0,0,0,0,0,352,4,6,1,5,34372,9785,16
1.0,0,0,0,0,0,0,0,0,628,7,5,2,6,47334,12042,49
1.0,0,0,0,0,0,0,0,1,576,6,5,2,6,68742,11928,36
1.0,0,0,0,0,0,0,0,0,264,6,5,1,4,10080,7884,36
1.0,0,0,0,0,0,0,0,0,440,5,5,2,6,9600,11826,25
1.0,0,0,0,0,0,0,0,1,470,6,5,2,7,65034,13979,36
1.0,0,0,0,0,0,0,0,1,550,7,6,2,6,74669,11976,49
1.0,0,0,0,0,0,0,0,0,440,6,8,2,6,26400,11520,36
1.0,0,0,0,0,0,0,0,0,180,6,7,1,4,36000,7704,36
1.0,1,0,0,0,0,0,0,1,352,5,6,1,4,21400,7652,25
1.0,0,0,0,0,0,0,0,0,528,6,8,2,7,74124,13440,36
1.0,0,0,1,0,0,0,0,2,672,10,5,3,10,154310,20080,100
1.0,0,0,0,0,0,0,0,1,360,5,7,2,8,31200,15440,25
1.0,0,0,0,0,0,0,0,1,648,7,5,3,6,27454,12036,49
1.0,0,0,0,0,0,0,0,1,493,7,5,2,8,61250,15952,49
1.0,0,0,0,0,0,0,0,1,480,6,5,2,7,59130,13692,36
1.0,0,0,0,0,0,0,1,1,578,6,6,2,6,98952,11796,36
1.0,0,0,0,0,0,0,0,1,431,7,5,2,10,78498,19980,49
1.0,0,0,0,0,0,0,0,1,198,6,6,1,7,51600,13559,36
1.0,0,0,0,0,0,0,0,0,308,3,7,1,6,18000,11688,9
1.0,0,0,0,0,0,0,0,0,270,6,8,1,5,34104,9650,36
1.0,0,0,0,0,0,0,0,2,576,7,5,2,5,495327,9875,49
1.0,0,0,0,0,0,0,0,0,422,6,5,2,7,55818,13972,36
1.0,0,0,0,0,0,0,0,0,676,8,5,2,6,72000,12048,64
1.0,0,0,0,0,0,0,0,0,560,5,5,2,8,46485,15808,25
1.0,0,0,0,0,0,0,0,1,528,7,6,2,6,67200,11838,49
1.0,0,0,0,0,0,0,0,0,513,5,5,3,7,22855,13412,25
1.0,0,0,0,0,0,0,0,2,529,4,6,2,6,212908,11724,16
1.0,0,0,0,0,0,0,0,1,228,8,7,1,7,40800,13475,64
1.0,0,0,0,0,0,0,0,1,352,5,4,1,5,35075,9750,25
1.0,0,0,0,0,0,0,0,0,552,8,5,2,8,64032,16072,64
1.0,0,0,0,0,0,0,0,0,576,7,9,2,6,50400,11616,49
1.0,0,0,0,0,0,0,0,1,360,5,5,1,5,41405,9825,25
1.0,1,0,0,0,0,0,0,1,240,6,7,1,6,71928,11604,36
1.0,0,0,0,0,0,0,0,1,398,7,5,2,6,21504,12024,49
1.0,0,0,0,0,0,0,0,1,526,7,5,2,5,74396,9850,49
1.0,0,0,0,0,0,0,0,2,312,5,7,1,7,47400,13594,25
1.0,0,0,1,0,0,0,0,1,866,8,5,3,7,91424,14042,64
1.0,0,0,0,0,0,0,0,0,506,6,5,2,7,55746,13951,36
1.0,0,0,0,1,0,0,0,0,528,8,5,2,4,54560,7940,64
1.0,0,0,0,0,0,0,0,1,534,7,6,2,8,83664,15816,49
1.0,0,0,0,0,0,0,0,0,525,6,5,2,5,22050,10025,36
1.0,0,0,1,0,0,0,0,1,908,8,5,3,7,119816,14042,64
1.0,0,0,0,1,0,0,0,0,499,8,5,2,6,42640,12000,64
1.0,0,0,0,0,0,0,0,0,624,5,6,2,5,42400,9815,25
1.0,0,0,0,0,0,0,0,1,508,6,5,2,7,78750,13979,36
1.0,0,0,1,0,0,0,0,1,694,9,5,3,9,123237,18054,81
1.0,0,0,0,0,0,0,0,1,826,8,5,3,7,85096,14049,64
1.0,0,0,0,0,0,0,0,0,672,4,7,2,7,23700,13559,16
1.0,0,0,1,0,0,0,0,1,772,9,5,3,8,144297,16032,81
1.0,0,0,1,0,0,0,0,1,874,9,5,3,6,106614,12018,81
1.0,0,0,0,0,0,0,0,1,164,7,8,1,7,17500,13405,49
1.0,0,0,0,0,0,0,0,0,402,6,5,2,5,27000,9990,36
1.0,0,0,0,0,0,0,0,0,264,5,7,1,6,38790,11772,25
1.0,0,0,0,0,0,0,0,1,264,5,7,1,5,48000,9750,25
1.0,0,0,0,0,0,0,0,0,515,5,7,2,6,51445,11790,25
1.0,0,0,0,0,0,0,0,1,487,5,6,2,7,61215,13797,25
1.0,0,0,0,0,0,0,0,1,520,5,4,2,10,54000,19000,25
1.0,0,0,0,0,0,0,0,0,286,4,8,1,3,6104,5910,16
1.0,0,0,0,0,0,0,0,1,336,5,6,1,4,13325,7904,25
1.0,0,0,0,0,0,0,0,2,240,6,7,1,5,56940,9705,36
1.0,0,0,0,0,0,0,0,0,429,6,5,2,8,93468,16048,36
1.0,0,0,0,0,0,0,1,1,308,5,6,1,6,39655,11760,25
1.0,0,0,0,0,0,0,0,0,273,5,8,1,4,28920,7752,25
1.0,0,1,0,0,0,0,1,1,546,8,5,2,10,101536,19920,64
1.0,0,0,0,0,0,0,0,0,240,7,6,1,8,63840,15400,49
1.0,0,0,0,0,0,0,0,0,288,5,7,1,5,39000,9835,25
1.0,0,0,0,0,0,0,0,0,297,5,7,1,5,37675,9790,25
1.0,0,0,0,0,0,0,0,0,264,6,5,1,7,11340,13811,36
1.0,0,0,0,0,0,0,0,0,603,7,5,2,7,68621,14035,49
1.0,0,0,0,0,0,0,0,0,461,5,7,2,6,45850,11790,25
1.0,1,0,0,0,0,0,1,2,484,7,8,2,6,109214,11754,49
1.0,0,0,0,0,0,0,0,1,440,6,5,2,6,13848,11844,36
1.0,0,0,0,0,0,0,0,0,400,5,5,2,10,37980,19520,25
1.0,0,0,0,0,0,0,0,1,471,8,5,2,8,76432,15944,64
1.0,0,0,0,0,0,0,0,0,676,6,5,2,4,47172,8036,36
1.0,0,0,0,0,0,0,0,1,360,7,9,2,7,67200,13496,49
1.0,0,0,0,0,0,0,0,0,270,5,6,1,6,48000,11754,25
1.0,0,0,0,0,0,0,0,2,288,5,7,1,6,72795,11706,25
1.0,0,0,1,0,0,0,0,1,474,7,5,2,6,47544,12030,49
1.0,0,0,0,0,0,0,0,0,624,5,5,2,5,45500,9790,25
1.0,0,0,0,0,0,0,0,0,484,6,5,2,5,55122,9915,36
1.0,1,0,0,0,0,0,0,0,200,5,5,1,5,52970,9630,25
1.0,0,0,1,0,0,0,0,1,900,10,5,3,9,122200,18081,100
1.0,0,0,0,0,0,0,0,1,583,6,6,2,7,62688,13804,36
1.0,0,1,0,0,0,0,0,1,889,7,5,3,7,71456,13972,49
1.0,0,0,0,0,0,0,0,0,546,6,5,2,7,57186,13986,36
1.0,1,0,0,0,0,0,0,2,282,7,9,1,9,76426,17334,49
1.0,0,0,0,0,0,0,0,2,336,6,6,1,6,71928,11742,36
1.0,0,0,0,0,0,0,0,2,420,6,7,2,7,30000,13629,36
1.0,0,0,0,0,0,1,0,1,884,10,5,3,11,400940,22077,100
1.0,0,1,0,0,0,0,0,1,834,7,5,3,8,82509,15968,49
1.0,0,0,0,0,0,0,0,1,453,7,5,2,6,52500,12030,49
1.0,0,0,0,0,0,0,0,0,252,5,7,1,4,66500,7824,25
1.0,0,0,1,0,0,0,0,1,858,9,5,3,11,134532,22088,81
1.0,1,0,0,0,0,0,0,2,484,6,3,2,9,196008,17613,36
1.0,0,0,0,0,0,0,0,1,600,6,5,2,5,61200,9940,36
1.0,0,0,0,0,0,0,0,0,502,6,8,2,6,36930,11520,36
1.0,0,0,0,0,0,0,0,1,392,5,7,1,5,36000,9775,25
1.0,0,0,0,0,0,0,0,1,403,8,5,2,6,72448,12024,64
1.0,0,0,0,0,0,0,0,0,527,7,5,2,8,62468,15984,49
1.0,0,0,0,0,0,0,0,0,576,4,5,2,5,50940,9860,16
1.0,0,0,0,0,0,0,0,1,336,5,5,1,7,57765,13776,25
1.0,0,0,0,0,0,0,0,1,670,8,5,2,6,91384,12006,64
1.0,0,0,0,0,0,0,0,1,765,9,5,3,8,131409,16048,81
1.0,0,1,0,0,0,0,0,1,648,8,5,3,8,88000,16000,64
1.0,0,0,0,0,0,0,0,1,583,7,5,2,7,70980,13986,49
1.0,0,0,0,0,0,0,0,0,367,7,5,1,4,28406,7992,49
1.0,0,0,0,0,0,0,0,1,426,7,5,2,7,119728,14042,49
1.0,0,0,0,0,0,0,0,0,786,7,5,3,9,96859,17892,49
1.0,0,0,0,0,0,0,1,1,440,6,7,2,6,52422,11538,36
1.0,0,0,0,0,0,0,0,0,624,5,7,2,5,36220,9850,25
1.0,0,0,0,0,0,0,0,0,720,5,7,2,4,41175,7820,25
1.0,0,0,0,0,0,0,0,1,615,7,5,2,8,65625,16024,49
1.0,0,0,0,0,0,0,0,0,440,6,6,2,4,24258,7908,36
1.0,0,0,0,0,0,0,1,0,288,5,6,1,5,30000,9785,25
1.0,0,0,1,0,0,0,0,1,908,8,5,3,7,89168,14042,64
1.0,0,0,0,0,0,0,0,0,520,4,5,2,5,35108,9745,16
1.0,0,0,1,0,0,0,0,1,871,7,5,3,8,74375,16024,49
1.0,0,0,0,0,0,0,0,1,280,5,6,1,5,31900,9610,25
1.0,0,0,0,0,0,0,0,1,299,5,5,1,6,74250,11742,25
1.0,0,0,0,0,0,0,0,0,570,4,6,1,7,44160,13440,16
1.0,0,0,0,0,0,0,0,1,406,7,5,2,6,153104,11976,49
1.0,0,0,0,0,0,0,0,1,420,7,5,2,7,22372,14021,49
1.0,0,0,0,0,0,0,0,1,528,5,6,2,5,56705,9785,25
1.0,0,0,0,0,0,0,0,1,418,5,5,2,6,50050,11844,25
1.0,0,0,0,0,0,0,0,1,396,6,7,2,8,130680,15344,36
1.0,0,1,0,0,0,0,0,1,590,7,5,2,9,93422,17928,49
1.0,0,0,0,0,0,0,0,0,216,6,4,1,6,41148,11490,36
1.0,0,0,0,1,0,0,0,1,656,9,5,3,11,100782,22055,81
1.0,0,0,1,0,0,0,0,0,532,7,5,2,7,71197,14028,49
1.0,0,0,0,0,0,0,0,1,612,8,8,2,5,98616,9915,64
1.0,0,0,0,0,0,0,0,2,600,5,5,2,4,35160,7916,25
1.0,0,0,0,0,0,0,0,0,576,5,5,2,10,65505,19650,25
1.0,0,0,0,0,0,0,0,0,288,6,6,1,4,43992,7836,36
1.0,0,0,0,0,0,0,0,0,650,7,5,2,6,92113,12054,49
1.0,0,0,0,0,0,0,0,1,400,7,5,2,8,69769,16000,49
1.0,0,0,0,0,0,0,0,0,288,5,7,1,5,52500,9855,25
1.0,0,0,0,0,0,0,0,0,336,5,5,1,6,42400,11682,25
1.0,0,0,0,0,0,0,0,1,216,7,7,1,6,44044,11568,49
1.0,0,0,0,0,0,0,0,2,564,5,6,2,6,58885,11796,25
1.0,0,0,0,0,0,0,0,0,540,7,5,2,5,25228,10035,49
1.0,0,0,0,0,0,0,0,0,352,5,5,1,7,60750,13678,25
1.0,0,0,0,0,0,0,0,2,572,6,6,2,7,87510,13720,36
1.0,0,0,1,0,0,0,0,1,1390,8,5,3,8,101632,16064,64
1.0,0,0,0,0,0,0,0,1,880,10,9,2,9,135000,17037,100
1.0,0,0,0,0,0,0,0,0,240,4,7,1,6,24480,11610,16
1.0,0,0,0,0,0,0,0,2,880,8,5,3,7,91544,14035,64
1.0,0,0,0,0,0,0,0,0,275,6,7,1,5,61602,9590,36
1.0,0,0,0,0,0,0,0,0,528,5,6,2,4,43700,7928,25
1.0,0,0,0,0,0,0,0,2,452,5,8,1,5,125475,9840,25
1.0,0,0,0,0,0,0,0,0,308,5,6,1,4,45500,7720,25
1.0,0,0,0,0,0,0,0,0,520,7,5,2,6,58240,12024,49
1.0,0,0,1,0,0,0,0,1,842,10,5,3,10,134780,20080,100
1.0,0,0,0,0,0,0,0,0,816,5,8,2,4,33000,7928,25
1.0,0,0,0,0,0,0,0,0,420,6,5,2,4,26610,8012,36
1.0,0,0,0,0,0,0,0,0,280,5,6,1,5,39950,9875,25
1.0,0,0,0,1,0,0,0,1,758,8,5,3,7,90416,14035,64
1.0,0,0,0,0,0,0,0,0,216,6,7,1,7,21600,13370,36
1.0,0,0,0,0,0,0,0,1,648,7,5,3,7,27454,14042,49
1.0,1,0,0,0,0,0,0,1,621,5,6,2,7,64920,13839,25
1.0,0,0,0,0,0,0,0,1,452,6,6,2,6,11700,11880,36
1.0,0,0,1,0,0,0,0,1,736,8,5,2,8,87416,16040,64
1.0,0,0,0,0,0,0,0,1,544,6,6,1,6,54000,11622,36
1.0,0,0,0,0,0,0,0,1,506,8,5,2,8,80328,15936,64
1.0,0,0,0,0,0,0,0,0,480,7,5,2,4,22274,8016,49
1.0,0,0,0,0,0,0,0,1,530,7,5,2,6,89621,12012,49
1.0,0,0,0,0,0,0,0,3,486,7,6,2,7,95200,13755,49
1.0,0,0,0,0,0,0,0,0,576,5,5,2,6,62320,11976,25
1.0,0,0,0,0,0,0,0,0,230,5,8,1,8,39000,15584,25
1.0,1,0,0,0,0,0,1,2,380,8,6,2,10,97344,19340,64
1.0,0,0,0,0,0,0,0,0,261,4,5,1,5,31772,9805,16
1.0,0,0,0,0,0,0,0,2,736,9,5,3,8,99450,16000,81
1.0,0,0,0,0,0,0,0,1,564,6,6,2,6,62370,11868,36
1.0,0,0,0,0,0,0,0,1,531,8,5,2,7,95080,14007,64
1.0,0,0,0,0,0,0,0,0,480,6,7,2,6,52800,11778,36
1.0,0,0,0,0,0,0,0,1,393,6,5,2,7,47166,14014,36
1.0,0,0,0,0,0,0,0,0,528,6,6,2,4,43362,7816,36
1.0,0,0,1,0,0,0,0,1,774,9,5,3,9,105246,18063,81
1.0,0,0,0,0,0,0,0,2,749,8,5,3,10,97952,20030,64
1.0,0,0,0,0,0,0,0,1,624,6,7,2,9,64800,17766,36
1.0,0,0,0,0,0,0,0,0,484,5,6,2,6,35320,11862,25
1.0,0,0,0,0,0,0,0,1,440,6,5,2,4,12702,8000,36
1.0,0,0,0,0,0,0,0,1,484,6,5,2,8,62400,15776,36
1.0,0,0,0,0,0,0,0,0,440,6,6,2,5,60000,9810,36
1.0,0,0,0,0,0,0,0,1,286,5,5,1,6,61710,11760,25
1.0,0,0,0,0,0,0,0,2,364,6,6,1,7,57600,13685,36
1.0,0,0,0,0,0,0,0,2,504,5,5,2,9,58030,17721,25
1.0,0,0,0,0,0,0,0,0,520,6,5,2,6,54120,11784,36
1.0,0,0,0,0,0,0,0,0,240,5,6,1,8,45000,15040,25
1.0,0,0,1,0,0,0,0,1,627,8,5,2,6,36720,12036,64
1.0,0,0,0,0,0,0,0,1,544,7,5,2,6,83300,11862,49
1.0,0,0,0,0,0,0,0,0,260,5,7,1,6,46250,11724,25
1.0,0,0,0,0,0,0,0,0,576,6,5,2,4,41874,7920,36
1.0,0,0,0,0,0,0,0,0,256,5,4,1,7,30000,13678,25
1.0,0,0,0,0,0,0,0,1,648,8,5,3,7,31856,14042,64
1.0,0,0,1,0,0,0,0,1,588,8,5,2,6,101416,12018,64
1.0,0,0,0,0,0,0,0,1,650,7,5,2,7,49350,14007,49
1.0,0,0,0,0,0,0,0,3,538,8,7,2,9,110880,17748,64
1.0,0,0,0,0,0,0,0,0,462,5,5,2,7,53965,13783,25
1.0,0,0,0,0,0,0,0,1,478,9,5,3,7,82683,14063,81
1.0,0,0,0,0,0,0,0,0,576,6,5,2,5,63180,9855,36
1.0,0,0,0,0,0,0,0,0,420,5,5,2,7,36000,13650,25
1.0,0,0,0,0,0,0,0,2,495,6,5,2,5,62712,9765,36
1.0,0,0,0,0,0,0,0,1,442,6,5,2,7,46200,13762,36
1.0,0,0,0,0,0,0,0,0,562,7,6,2,7,56875,14049,49
1.0,0,0,0,0,0,0,0,1,296,4,5,1,7,36336,13580,16
1.0,0,0,0,0,0,0,0,1,512,7,5,2,7,61250,13972,49
1.0,0,0,0,0,0,0,0,0,216,6,7,1,7,61920,13342,36
1.0,0,1,0,0,0,0,0,1,839,8,6,3,7,83496,13965,64
1.0,0,0,0,0,0,0,0,0,264,6,5,1,6,10080,11826,36
1.0,0,0,0,0,0,0,0,0,312,5,7,1,5,50035,9795,25
1.0,1,0,0,0,0,0,0,1,270,7,6,1,6,50400,11586,49
1.0,0,0,0,0,0,0,0,1,330,6,5,1,6,105018,11688,36
1.0,0,0,0,0,0,0,0,0,480,5,7,2,7,49685,13748,25
1.0,0,0,0,0,0,0,0,1,550,7,7,2,7,86688,13832,49
1.0,0,1,0,0,0,0,0,1,711,8,7,3,8,372712,15952,64
1.0,0,0,0,0,0,0,0,2,576,6,3,2,5,81360,9840,36
1.0,0,0,0,0,0,0,0,0,588,4,5,2,6,40048,11832,16
1.0,0,0,0,0,0,0,0,1,1134,8,5,3,8,167168,16040,64
1.0,0,0,0,0,0,0,0,1,504,8,5,2,7,89552,14000,64
1.0,0,0,0,0,0,0,0,1,596,6,5,2,7,110700,13755,36
1.0,0,0,0,0,0,0,0,1,575,6,5,2,7,48750,13958,36
1.0,0,0,0,0,0,0,0,1,576,5,6,2,6,70875,11736,25
1.0,1,0,0,0,0,0,0,1,252,4,5,1,5,46400,9610,16
1.0,0,0,0,0,0,0,0,0,540,6,5,2,7,51798,14035,36
1.0,0,0,0,0,0,0,0,0,300,6,6,1,6,39774,11550,36
1.0,0,0,0,0,1,0,0,1,546,6,6,2,6,67500,11862,36
1.0,1,0,0,0,0,0,0,2,416,6,7,2,7,86652,13699,36
1.0,0,0,0,0,0,0,0,1,384,6,6,1,5,55200,9825,36
1.0,0,0,0,0,0,0,0,1,440,6,6,2,7,13734,13846,36
1.0,0,0,0,0,0,0,0,0,779,4,2,3,8,38400,15200,16
1.0,0,0,0,0,0,0,0,0,240,5,8,1,5,45110,9620,25
1.0,0,0,0,1,0,0,0,1,834,8,5,3,7,94752,14056,64
1.0,0,0,0,0,0,0,0,0,572,5,5,2,5,49725,9805,25
1.0,0,0,0,0,0,0,0,1,264,6,5,1,5,48072,9900,36
1.0,0,0,0,0,0,0,0,0,281,5,5,1,6,22500,11592,25
1.0,0,0,0,0,0,0,0,1,431,6,5,2,6,17322,11976,36
1.0,0,0,0,0,0,0,0,1,702,9,5,3,7,101232,14014,81
1.0,0,1,0,0,0,0,0,0,486,7,5,2,7,117390,13986,49
1.0,0,0,0,1,0,0,0,1,577,7,5,2,6,35434,11904,49
1.0,0,0,0,0,0,0,0,0,578,7,6,2,7,71449,14049,49
1.0,0,0,0,0,0,0,0,0,480,7,5,2,4,35735,8016,49
1.0,0,0,0,1,0,0,0,1,567,8,6,2,7,64712,14049,64
1.0,0,0,1,0,0,0,0,1,460,6,5,2,6,45462,12030,36
1.0,0,0,0,0,0,0,0,1,420,6,5,2,3,26556,6012,36
1.0,0,1,0,0,0,0,0,2,832,10,6,3,10,215350,19940,100
1.0,0,0,0,0,0,0,0,2,628,7,5,2,9,183246,17901,49
1.0,0,0,0,0,0,0,0,0,326,5,6,1,4,27000,7684,25
1.0,0,0,0,0,0,0,0,0,576,5,6,2,5,30600,9680,25
1.0,0,0,0,0,0,0,0,1,551,6,6,2,5,82866,9935,36
1.0,0,0,0,0,0,0,0,0,205,5,7,1,4,30000,7684,25
1.0,0,0,0,0,0,0,0,0,308,5,7,1,6,32100,11712,25
1.0,0,0,0,0,0,0,0,1,336,5,8,1,5,42250,9825,25
1.0,0,0,0,0,0,0,0,0,530,7,5,2,5,29974,10020,49
1.0,0,0,0,0,0,0,0,1,765,8,5,3,7,114648,14014,64
1.0,0,0,0,0,0,0,0,0,528,7,5,2,6,67200,11814,49
1.0,0,0,0,1,0,0,0,1,666,8,5,3,10,99504,20060,64
1.0,0,0,0,0,0,0,0,1,672,5,9,2,8,38150,15200,25
1.0,0,0,0,0,0,0,0,0,606,7,5,2,7,58800,14028,49
1.0,0,0,0,0,0,0,0,2,739,7,5,2,5,806043,9855,49
1.0,0,0,1,0,0,0,0,1,550,8,5,2,6,49920,12036,64
1.0,0,0,0,0,0,0,0,1,400,7,5,2,8,63126,16056,49
1.0,0,0,0,0,0,0,0,0,408,5,7,1,6,35810,11796,25
1.0,0,0,0,0,0,0,0,0,384,4,7,1,7,34848,13300,16
1.0,0,0,0,1,0,0,0,1,472,8,5,2,5,37368,9940,64
1.0,0,0,0,0,0,0,0,0,576,4,5,2,6,39492,11820,16
1.0,0,0,0,0,0,0,0,0,475,6,8,2,6,81102,11856,36
1.0,0,0,0,0,0,0,0,1,478,6,5,2,7,60840,13818,36
1.0,0,0,0,0,0,0,0,0,704,7,8,2,8,75600,15120,49
1.0,0,0,0,0,0,0,0,1,439,5,6,2,5,50000,9865,25
1.0,0,1,0,0,0,0,0,1,983,7,5,3,9,73794,17937,49
1.0,0,0,0,0,0,0,0,1,300,5,6,1,5,49600,9845,25
1.0,0,0,0,1,0,0,0,1,564,8,5,2,5,52504,9925,64
1.0,0,0,0,0,0,0,0,0,420,6,5,2,3,26556,6012,36
1.0,0,0,0,0,0,0,0,0,463,4,7,2,5,32480,9850,16
1.0,0,0,0,0,0,0,0,0,548,4,6,1,7,32688,13678,16
1.0,0,0,0,0,0,0,0,1,768,9,5,3,8,119574,16056,81
1.0,0,0,0,0,0,0,0,0,660,4,6,2,5,27840,9850,16
1.0,1,0,0,0,0,0,0,1,540,6,9,2,5,130170,9940,36
1.0,0,0,0,0,0,0,0,0,632,7,5,2,6,51198,12042,49
1.0,0,0,0,0,0,0,0,0,888,5,5,3,9,57375,17622,25
1.0,0,0,0,0,0,0,0,0,539,4,5,2,5,24960,9625,16
1.0,0,0,0,1,0,0,0,1,608,8,5,2,5,43112,9975,64
1.0,0,0,0,0,0,0,0,1,438,7,5,2,6,67130,12018,49
1.0,0,0,0,0,0,0,0,1,541,7,5,2,8,79828,15984,49
1.0,0,0,0,0,0,0,0,1,264,5,6,1,6,50000,11766,25
1.0,0,0,0,0,0,0,0,0,300,5,5,1,6,44890,11808,25
1.0,0,0,0,0,0,0,0,2,320,7,7,2,6,75600,11484,49
1.0,0,0,0,0,0,0,0,0,400,3,4,2,6,25632,11700,9
1.0,0,0,0,0,0,0,0,1,800,8,5,3,8,83704,16040,64
1.0,0,0,0,0,0,0,0,0,572,7,5,2,7,65191,14028,49
1.0,0,0,0,0,0,0,0,0,360,5,7,2,7,48000,13370,25
1.0,0,0,0,0,0,0,0,0,288,6,8,1,5,40608,9805,36
1.0,0,0,0,0,0,0,0,0,539,7,5,2,6,59150,12000,49
1.0,0,0,0,0,0,0,0,1,480,5,6,2,6,64430,11778,25
1.0,0,0,0,1,0,0,0,1,462,8,5,2,5,43160,9965,64
1.0,0,0,0,0,0,0,0,2,831,8,9,2,11,71704,21736,64
1.0,0,0,0,0,0,0,0,1,554,7,5,2,8,61565,16000,49
1.0,0,0,0,0,0,0,0,1,864,7,7,4,8,81900,15040,49
1.0,0,1,0,0,0,0,0,1,527,7,5,2,7,74151,13972,49
1.0,0,0,0,0,0,0,0,0,240,4,3,1,9,33620,17505,16
1.0,0,0,0,0,0,0,0,0,400,7,5,2,6,54250,12018,49
1.0,0,0,0,0,0,0,0,0,576,6,5,2,6,55416,11982,36
1.0,0,0,1,0,0,0,0,1,878,8,5,3,8,81920,16040,64
1.0,0,0,0,0,0,0,0,0,440,6,8,2,5,47580,9845,36
1.0,0,0,0,0,0,0,0,0,440,6,5,2,6,19380,11994,36
1.0,0,0,0,0,0,0,0,0,578,8,5,2,7,86152,14049,64
1.0,0,0,0,0,0,0,0,1,440,6,5,2,6,69696,11868,36
1.0,0,0,0,0,0,0,0,0,440,7,5,2,6,15960,11994,49
1.0,0,1,0,0,0,0,0,1,752,8,5,3,9,98056,17955,64
1.0,0,0,0,0,0,0,0,0,300,6,6,1,5,54600,9795,36
1.0,0,0,0,0,0,0,0,0,440,5,5,2,5,34555,9620,25
1.0,0,0,0,0,0,0,0,0,614,7,5,2,7,60480,14063,49
1.0,0,1,0,0,0,0,0,1,856,8,5,3,8,75440,15992,64
1.0,0,0,0,0,1,0,1,1,481,8,5,2,6,76392,11970,64
1.0,0,0,0,0,0,0,0,1,592,9,5,2,6,131283,12048,81
1.0,0,0,0,0,0,0,0,1,496,7,5,2,7,72947,13916,49
1.0,0,0,0,0,0,0,0,0,423,6,7,1,7,75048,13580,36
1.0,0,0,0,0,0,0,0,1,484,7,5,2,8,63700,16032,49
1.0,0,0,0,1,0,0,0,1,841,8,5,3,12,428032,24036,64
1.0,0,0,0,0,0,0,0,0,576,5,5,2,5,36260,9910,25
1.0,0,0,0,0,0,0,0,0,396,4,5,2,6,35508,11706,16
1.0,0,0,0,0,0,0,0,1,672,6,5,2,6,46914,11856,36
1.0,0,0,0,0,0,0,0,0,275,5,5,1,5,50750,9790,25
1.0,0,0,1,0,0,0,0,1,895,8,5,3,9,113808,18054,64
1.0,0,0,0,0,0,0,0,0,412,6,5,2,5,27000,9990,36
1.0,0,0,0,0,0,0,0,0,865,7,5,3,7,78470,14035,49
1.0,0,0,0,0,0,0,0,1,440,5,5,2,5,66750,9870,25
1.0,0,0,0,0,0,0,0,2,630,5,5,2,10,42000,19770,25
1.0,0,0,0,0,0,0,0,0,504,6,5,2,4,63180,7908,36
1.0,0,0,0,0,0,0,0,1,402,7,5,2,6,55125,11970,49
1.0,0,0,0,0,0,0,0,0,484,6,5,2,7,42918,13944,36
1.0,0,0,0,0,0,0,0,0,605,7,5,2,6,113995,12006,49
1.0,0,0,0,0,0,0,0,1,602,5,6,2,4,45505,7912,25
1.0,0,0,0,0,0,0,1,1,457,6,5,2,7,58740,13769,36
1.0,0,0,0,0,0,0,0,0,416,5,6,1,7,54000,13405,25
1.0,0,0,0,0,0,0,0,0,618,7,5,2,8,70994,16032,49
1.0,0,0,0,0,0,0,0,0,281,4,7,1,4,24000,7816,16
1.0,0,0,0,0,0,0,0,0,444,6,8,2,9,73230,17694,36
1.0,0,0,0,0,0,0,0,1,397,7,5,2,5,22274,10025,49
1.0,0,0,0,0,0,0,0,2,539,6,5,2,5,67998,9880,36
1.0,0,1,0,0,0,0,0,1,455,7,5,2,8,69440,15968,49
1.0,0,0,0,0,0,0,0,0,474,8,5,2,7,73264,14049,64
1.0,0,0,0,0,0,0,0,1,409,7,5,2,7,75824,13958,49
1.0,0,0,0,0,0,0,0,1,476,6,6,2,7,50400,13860,36
1.0,0,0,0,0,0,0,0,1,528,6,5,2,7,49182,13839,36
1.0,0,0,0,0,0,0,0,0,240,5,5,1,4,38385,7812,25
1.0,0,0,1,0,0,0,0,2,820,9,5,3,11,121662,22088,81
1.0,0,0,0,0,0,0,0,2,240,5,7,1,7,36000,13559,25
1.0,0,0,0,0,0,0,0,0,603,6,5,2,8,76788,15976,36
1.0,0,0,0,0,0,0,0,0,440,4,7,2,5,19200,9580,16
1.0,0,0,0,0,0,0,0,1,410,7,5,2,7,57393,14035,49
1.0,0,0,1,0,0,0,0,1,1020,9,5,3,12,125019,24096,81
1.0,0,0,0,0,0,0,0,0,286,5,5,1,5,45000,9770,25
1.0,0,0,0,0,0,0,0,0,554,7,5,2,6,85918,12048,49
1.0,0,0,0,0,0,0,0,0,384,5,5,1,6,48750,11802,25
1.0,0,0,0,0,0,0,0,1,528,5,6,2,6,106920,11538,25
1.0,0,0,0,0,0,0,0,1,484,5,5,2,6,67000,11796,25
1.0,0,0,0,0,0,0,0,0,360,5,5,2,11,40500,20878,25
1.0,0,0,0,0,0,0,0,1,484,6,6,2,5,60840,9870,36
1.0,0,0,0,0,0,0,0,1,420,6,5,2,4,26628,8016,36
1.0,0,0,0,0,0,0,0,0,504,5,5,2,4,43560,7808,25
1.0,0,0,0,0,0,0,0,0,301,6,6,1,7,58500,13706,36
1.0,0,0,0,0,0,0,0,0,280,5,7,1,7,41240,13426,25
1.0,0,0,0,0,0,0,0,0,598,7,5,2,6,84959,11988,49
1.0,0,0,0,0,0,0,1,1,275,5,6,1,4,57125,7816,25
1.0,0,0,0,0,0,0,0,2,857,8,5,3,7,106120,14014,64
1.0,0,0,0,0,0,0,0,0,440,6,7,2,6,52896,11826,36
1.0,0,0,1,0,0,0,0,1,484,7,5,2,6,44597,12054,49
1.0,0,0,0,0,0,0,0,0,595,7,5,2,6,50582,12018,49
1.0,0,0,0,0,0,0,0,0,576,4,4,2,4,24000,7812,16
1.0,0,0,0,0,0,0,0,1,433,7,5,2,7,86758,14021,49
1.0,0,0,0,0,0,0,0,1,240,6,7,1,7,59400,13580,36
1.0,0,0,0,0,0,0,0,1,776,8,5,2,7,89728,14042,64
1.0,0,0,1,0,0,1,0,1,1220,10,5,3,7,148030,14049,100
1.0,0,0,0,0,0,0,0,1,527,7,5,2,6,59703,12006,49
1.0,0,0,0,0,0,0,0,0,538,5,5,2,7,143490,13769,25
1.0,0,0,0,0,0,0,0,0,480,7,5,2,4,17808,8020,49
1.0,0,0,0,0,0,0,0,2,458,6,5,2,6,71400,11742,36
1.0,0,0,0,0,0,0,0,0,480,7,5,2,4,22260,8020,49
1.0,0,0,0,0,0,0,0,1,613,7,6,2,7,66836,14021,49
1.0,0,0,0,0,0,0,0,0,472,6,6,2,6,60024,11784,36
1.0,0,0,0,0,0,0,0,0,456,5,6,2,6,39375,11766,25
1.0,0,0,0,0,0,0,0,0,436,4,7,2,4,38400,7800,16
1.0,0,0,0,0,0,0,0,0,812,5,6,2,5,40500,9740,25
1.0,0,0,0,0,0,0,0,0,264,6,5,1,5,10080,9865,36
1.0,0,0,0,0,0,0,0,0,352,5,6,1,6,47625,11970,25
1.0,0,0,0,0,0,0,0,0,240,5,6,1,6,58835,11676,25
1.0,0,0,0,0,0,0,0,0,400,6,8,1,7,72930,13475,36
1.0,0,0,0,0,0,0,0,1,686,5,8,2,8,52200,15232,25
1.0,0,0,0,0,0,0,0,0,490,6,7,2,6,54120,11796,36
1.0,0,0,0,0,0,0,0,1,720,5,8,3,7,63325,13405,25
1.0,0,0,0,0,0,0,0,2,611,5,5,2,6,83235,11850,25
1.0,0,0,0,0,0,0,0,1,425,7,5,2,7,65219,13951,49
1.0,0,0,0,0,0,0,0,1,338,5,6,1,5,77615,9860,25
1.0,0,0,0,0,0,0,0,1,360,6,8,2,10,273600,19080,36
1.0,0,0,0,0,1,0,0,1,512,6,7,2,7,57600,13832,36
1.0,0,0,0,0,0,0,0,0,420,6,5,2,3,26610,6009,36
1.0,0,0,0,0,0,0,0,1,400,8,5,2,7,25568,14021,64
1.0,1,0,0,0,0,0,0,2,240,7,5,1,7,49896,13587,49
1.0,0,0,0,0,0,0,0,1,645,6,6,2,7,72570,13748,36
1.0,0,0,0,0,0,0,0,1,454,5,4,2,6,89600,11730,25
1.0,0,0,0,0,0,0,0,0,260,5,8,1,6,34485,11772,25
1.0,0,0,0,0,0,0,0,0,576,6,6,2,5,65820,9890,36
1.0,0,0,0,0,0,0,0,1,343,6,5,2,6,48750,11964,36
1.0,0,0,0,0,0,0,0,1,479,7,5,2,6,72800,11856,49
1.0,0,0,0,0,0,0,0,1,619,6,7,2,9,66174,17712,36
1.0,1,0,0,0,0,0,0,1,216,7,8,1,7,53494,13426,49
1.0,0,0,0,0,0,0,0,0,504,5,4,2,6,58125,11790,25
1.0,0,0,0,0,0,0,0,0,480,6,5,2,6,58032,11904,36
1.0,0,0,0,0,0,0,1,0,672,5,5,1,6,39655,11754,25
1.0,0,0,0,0,0,0,0,0,529,7,5,2,6,60480,12042,49
1.0,0,0,0,0,0,0,0,0,902,5,6,2,5,43750,9850,25
1.0,0,0,0,0,0,0,0,1,870,8,5,3,6,85248,12036,64
1.0,0,0,0,0,0,0,0,0,544,4,5,2,5,27880,9805,16
1.0,0,0,0,0,0,0,0,1,672,5,6,2,7,73810,13636,25
1.0,0,0,0,0,0,0,0,1,574,7,5,2,8,69566,15944,49
1.0,0,0,0,0,0,0,0,0,308,5,5,1,5,33000,9810,25
1.0,0,0,0,0,0,0,0,0,523,6,5,2,7,52500,13986,36
1.0,0,0,0,0,0,0,0,0,414,5,7,2,5,44460,9765,25
1.0,0,0,0,0,0,0,0,1,288,5,7,1,6,60720,11694,25
1.0,0,0,0,0,0,0,0,0,200,5,6,1,5,28600,9705,25
1.0,0,0,0,0,0,0,0,1,550,8,5,2,11,72000,22077,64
1.0,0,0,0,0,0,0,0,0,648,4,5,2,5,101144,9815,16
1.0,0,0,1,0,0,0,0,1,738,9,5,3,10,79506,20040,81
1.0,0,0,0,0,0,0,0,0,576,5,7,2,6,58910,11766,25
1.0,0,0,0,0,0,0,0,0,336,5,8,1,6,35000,11868,25
1.0,0,0,0,0,0,0,0,0,450,5,5,2,5,35120,10025,25
1.0,0,0,0,0,0,0,0,1,400,7,5,2,7,96306,13930,49
1.0,0,0,0,0,0,0,0,1,389,6,5,2,7,57816,13944,36
1.0,0,0,0,0,0,0,0,0,440,4,5,1,10,24816,19120,16
1.0,0,0,0,0,0,0,0,0,288,5,5,1,5,35750,9835,25
1.0,0,0,0,0,0,0,0,1,506,9,5,2,5,46071,9995,81
1.0,0,0,0,0,0,0,0,0,588,5,5,2,8,41965,15672,25
1.0,0,0,0,0,0,0,0,0,300,5,7,1,8,82330,15640,25
1.0,0,0,0,0,0,0,0,1,621,8,6,2,8,126920,15760,64
1.0,0,0,0,0,0,0,0,1,505,6,4,2,6,72960,11718,36
1.0,0,0,0,0,0,0,0,1,576,5,7,2,6,40320,11694,25
1.0,0,0,0,0,0,0,0,1,440,6,5,2,7,67104,13846,36
1.0,0,0,0,0,0,0,0,0,264,6,8,1,6,50484,11778,36
1.0,0,0,0,0,0,0,0,1,354,5,5,1,6,66420,11724,25
1.0,0,0,0,0,0,0,0,0,400,5,5,2,8,35090,15832,25
1.0,0,0,0,0,0,0,0,1,483,6,5,2,8,42336,15704,36
1.0,0,0,0,0,0,0,0,0,327,4,6,1,6,35060,11616,16
1.0,0,0,0,0,0,0,0,0,528,5,5,2,12,35090,23748,25
1.0,0,0,1,0,0,0,0,2,820,9,5,3,11,116271,22099,81
1.0,0,0,0,0,0,0,0,1,288,5,7,1,6,34965,11766,25
1.0,0,0,0,0,0,0,0,0,684,4,6,1,4,29360,7884,16
1.0,0,0,0,0,0,0,0,0,756,5,7,1,5,43560,9785,25
1.0,0,0,0,0,0,0,0,1,393,7,5,2,8,55125,16024,49
1.0,0,0,0,0,0,0,0,1,690,7,5,3,7,104013,14042,49
1.0,0,0,0,0,0,0,0,0,288,5,6,1,6,30865,11802,25
1.0,0,0,0,0,0,0,0,0,280,5,5,1,6,49600,11724,25
1.0,0,0,0,0,0,0,0,1,865,8,5,3,8,108008,16048,64
1.0,1,0,0,0,0,0,1,1,180,7,7,1,6,80500,11616,49
1.0,0,0,0,0,0,0,0,0,484,5,5,2,5,44425,9915,25
1.0,0,0,0,0,0,0,0,1,390,6,5,2,8,75534,16040,36
1.0,0,0,0,0,0,0,0,0,480,5,5,2,12,58000,23520,25
1.0,0,0,0,0,0,0,0,0,252,5,7,1,5,46430,9885,25
1.0,0,0,0,0,0,0,0,0,450,5,7,1,6,30600,11550,25
1.0,1,0,0,0,0,0,0,0,871,5,6,3,8,31350,15592,25
1.0,0,0,0,0,0,0,0,0,528,6,5,2,4,18000,8036,36
1.0,0,0,0,0,0,0,0,0,286,4,5,1,6,8004,11820,16
1.0,0,0,0,0,0,0,0,0,308,2,3,1,4,18000,7796,4
1.0,0,0,0,0,0,0,0,0,284,4,6,1,6,68560,11736,16
1.0,0,0,0,0,0,0,0,1,833,7,5,3,8,91875,15928,49
1.0,0,0,0,0,0,0,0,1,601,6,8,2,6,66174,11748,36
1.0,0,0,0,0,0,0,0,0,471,6,5,2,7,50772,13958,36
1.0,0,0,0,0,0,0,0,1,397,6,5,2,6,61422,12030,36
1.0,0,0,0,0,0,0,0,1,533,6,5,2,5,48072,9965,36
1.0,0,0,0,0,0,0,0,1,612,6,6,2,7,61440,13860,36
1.0,0,0,0,0,0,0,0,0,540,5,6,2,6,78055,11862,25
1.0,0,0,1,0,0,0,0,1,656,8,5,3,10,95992,20030,64
1.0,0,0,0,0,0,0,0,1,486,7,5,2,9,69300,17712,49
1.0,0,0,0,0,0,0,0,1,522,8,5,2,7,94704,14007,64
1.0,0,0,0,0,0,0,0,1,642,7,5,2,8,91042,15976,49
1.0,0,0,0,0,0,0,0,0,610,8,5,3,7,71400,14049,64
1.0,0,0,0,0,0,0,0,0,429,5,6,1,5,45500,9825,25
1.0,0,0,0,0,0,0,0,1,788,9,5,3,8,105030,16048,81
1.0,0,0,0,0,0,0,0,0,570,7,5,2,6,59409,12024,49
1.0,0,0,0,0,0,0,0,1,505,7,7,2,9,193550,17640,49
1.0,0,0,0,0,0,0,0,0,528,4,5,2,5,23300,9630,16
1.0,0,0,0,0,0,0,0,0,555,7,5,2,5,70581,10015,49
1.0,0,0,0,0,0,0,0,1,689,7,5,2,8,67725,16040,49
1.0,0,0,0,0,0,0,0,0,868,7,5,3,7,61320,14042,49
1.0,0,0,0,0,0,0,0,2,349,7,7,1,10,168630,19400,49
1.0,0,0,0,0,0,0,0,0,574,6,5,2,8,75840,15808,36
1.0,0,0,0,0,0,0,0,1,390,7,5,2,8,61285,15992,49
1.0,0,0,0,0,0,0,0,0,576,5,4,2,8,125000,15736,25
1.0,0,0,0,0,0,0,0,1,525,6,6,2,7,86250,13706,36
1.0,0,0,0,0,0,0,0,0,456,5,6,2,7,44100,13230,25
1.0,0,0,0,0,0,0,0,1,796,5,6,1,6,40815,11754,25
1.0,0,0,0,0,0,0,0,1,808,8,5,3,9,116288,18018,64
1.0,0,0,0,0,0,0,0,1,474,7,5,2,7,98042,14014,49
1.0,0,0,0,0,0,0,0,1,676,6,7,2,5,56160,9860,36
1.0,0,0,0,0,0,0,0,0,720,5,8,2,5,36000,9750,25
1.0,0,0,0,0,0,0,0,0,300,5,5,1,6,39000,11790,25
1.0,0,0,0,0,0,0,0,0,396,5,8,1,5,36000,9860,25
1.0,0,0,0,0,0,0,0,1,530,5,4,2,7,55375,13783,25
1.0,1,0,0,0,0,0,0,0,492,6,6,2,8,42816,15568,36
1.0,0,0,0,0,0,0,0,1,462,6,6,2,5,7800,9900,36
1.0,0,0,0,0,0,0,0,0,576,5,5,2,6,37100,11772,25
1.0,0,0,0,0,0,0,0,0,531,7,5,2,6,59150,12018,49
1.0,0,0,0,0,0,0,0,0,484,7,5,2,6,18004,11994,49
1.0,0,0,0,0,0,0,0,1,619,6,7,2,11,73362,21747,36
1.0,0,0,0,0,0,0,0,1,440,6,6,2,7,13848,13832,36
1.0,0,0,0,0,0,0,0,0,702,9,5,2,7,107307,14049,81
1.0,0,0,0,0,0,0,0,1,510,7,5,2,8,79212,16016,49
1.0,0,0,0,0,0,0,0,1,393,6,5,2,8,61422,16040,36
1.0,1,0,0,0,0,0,0,2,256,5,7,1,7,48000,13580,25
1.0,0,0,0,0,0,0,0,0,260,5,7,1,6,36950,11730,25
1.0,0,0,0,0,0,0,0,0,264,6,5,1,6,62292,11748,36
1.0,0,0,1,0,0,0,0,0,474,7,5,2,6,15876,12018,49
1.0,0,0,0,0,0,0,0,1,264,6,5,1,5,47352,9895,36
1.0,0,0,0,0,0,0,0,0,480,7,5,2,6,81473,12042,49
1.0,0,0,0,0,0,0,0,0,532,7,8,2,8,79898,15280,49
1.0,0,0,0,0,0,0,0,0,490,7,5,2,6,18557,12000,49
1.0,0,0,0,0,0,0,0,0,569,7,5,2,4,29918,8024,49
1.0,0,0,0,0,0,0,0,0,400,4,5,2,5,37800,9770,16
1.0,0,0,0,0,0,0,0,0,480,5,6,2,5,44080,9815,25
1.0,0,0,0,0,0,0,0,0,588,7,9,2,6,84854,11766,49
1.0,0,1,0,0,0,0,0,1,676,8,5,3,8,97624,15984,64
1.0,0,0,0,0,0,0,0,1,388,7,5,2,6,22274,12042,49
1.0,0,0,0,0,0,0,0,1,779,8,5,2,9,90000,18018,64
1.0,0,0,0,0,0,0,0,0,539,5,5,2,8,50625,15816,25
1.0,0,0,0,0,0,0,0,0,240,5,5,1,5,54400,9750,25
1.0,0,0,0,0,0,0,0,0,255,6,8,1,5,31860,9550,36
1.0,0,0,1,0,0,0,0,1,606,9,5,3,8,91431,16072,81
1.0,0,0,0,0,0,0,0,1,551,6,6,2,8,72276,15808,36
1.0,0,0,0,0,0,0,0,0,614,7,5,2,6,56875,12036,49
1.0,0,1,0,0,0,0,0,1,870,8,5,3,7,75616,13979,64
1.0,0,0,0,0,0,0,0,1,424,8,9,2,8,141368,15056,64
1.0,0,0,0,0,0,0,0,1,440,6,8,2,7,58560,13748,36
1.0,0,0,0,0,0,0,0,0,564,6,5,2,6,53076,12030,36
1.0,0,0,1,0,0,0,0,1,786,10,5,3,7,124560,14042,100
1.0,0,0,0,0,0,0,0,0,305,4,7,1,5,18848,9730,16
1.0,0,0,0,0,0,0,0,0,368,5,6,1,6,53295,11766,25
1.0,0,0,0,0,0,0,0,1,615,6,6,2,6,70302,11820,36
1.0,0,0,0,0,0,0,0,1,210,3,4,1,6,29358,11532,9
1.0,0,0,0,0,0,0,0,0,632,7,5,2,6,47334,12036,49
1.0,0,0,0,0,0,0,0,0,528,3,3,2,4,30618,7808,9
1.0,0,0,0,0,0,0,0,0,216,5,6,1,4,27000,7680,25
1.0,0,0,0,0,0,0,0,1,824,8,5,3,7,95656,14042,64
1.0,0,0,0,0,0,0,0,0,528,5,6,2,8,57500,15808,25
1.0,0,0,0,0,0,0,0,1,457,7,5,2,7,22274,14035,49
1.0,0,0,0,0,0,0,0,0,328,5,8,1,6,41925,11862,25
1.0,0,0,0,0,0,0,0,1,484,6,3,2,7,72930,13790,36
1.0,0,0,0,0,0,0,0,0,286,4,4,1,6,8868,11820,16
1.0,0,0,0,0,0,0,0,1,550,7,5,2,7,84826,14028,49
1.0,0,0,0,0,0,0,0,1,312,5,5,1,7,106430,13636,25
1.0,1,0,0,0,0,0,0,2,180,6,7,1,7,63552,13461,36
1.0,0,0,0,0,0,0,0,0,280,5,4,1,4,36000,7640,25
1.0,0,0,0,0,0,0,0,1,240,6,5,1,5,69984,9740,36
1.0,0,0,0,0,0,0,0,0,528,8,6,2,6,67200,12006,64
1.0,0,0,0,0,0,0,0,1,478,7,5,2,6,83181,11976,49
1.0,0,0,0,1,0,0,0,1,565,8,5,2,4,46512,7936,64
1.0,0,0,0,0,0,0,0,1,402,7,5,2,7,75488,13937,49
1.0,0,0,0,0,0,0,0,1,440,7,5,2,6,21091,12030,49
1.0,0,0,0,0,0,0,0,0,451,4,5,2,5,28096,10025,16
1.0,0,0,0,0,0,0,0,0,632,7,5,2,6,51842,12036,49
1.0,0,0,0,0,0,0,0,0,160,5,5,1,6,47195,11580,25
1.0,0,0,0,0,0,0,0,1,437,7,5,2,7,22274,14035,49
1.0,0,0,0,0,0,0,0,1,665,8,6,2,10,123984,19760,64
1.0,0,0,0,0,0,0,0,0,461,5,5,2,5,38500,9860,25
1.0,0,0,0,0,0,0,0,2,461,5,5,2,6,46500,11760,25
1.0,0,0,0,0,0,0,0,1,800,8,5,3,7,76160,14049,64
1.0,0,0,0,0,0,0,0,1,240,5,5,1,6,47460,11646,25
1.0,0,0,0,0,0,0,0,0,264,6,7,1,7,10080,13804,36
1.0,0,0,0,0,0,0,0,2,672,7,3,2,12,111041,23040,49
1.0,0,1,0,0,0,0,0,1,796,8,7,3,10,116328,19930,64
1.0,0,0,0,0,0,0,0,0,900,7,5,3,6,56875,12012,49
1.0,1,0,0,0,0,0,0,1,240,5,7,1,5,31525,9690,25
1.0,0,0,0,0,0,0,0,0,290,4,3,1,5,46000,9785,16
1.0,0,0,0,0,0,0,0,1,912,9,5,3,6,116082,12042,81
1.0,0,0,0,0,0,0,0,1,905,8,5,2,7,73920,14007,64
1.0,0,0,0,0,0,0,0,0,286,4,4,1,3,5908,5910,16
1.0,0,0,0,0,0,0,0,1,484,5,4,2,8,65625,15656,25
1.0,0,0,0,0,0,0,0,0,484,6,8,2,7,54780,13762,36
1.0,0,0,1,0,0,0,0,1,624,6,5,2,5,32286,10025,36
1.0,0,0,0,0,0,0,0,1,514,7,5,2,10,82873,19900,49
1.0,0,0,0,0,0,0,1,1,542,8,5,2,9,76800,17829,64
1.0,0,0,0,0,0,0,1,1,452,3,5,2,8,41040,15640,9
1.0,0,0,0,1,0,0,0,1,716,9,5,3,11,144504,22055,81
1.0,0,0,0,0,0,0,0,0,672,5,5,2,5,46225,9970,25
1.0,0,0,0,0,0,0,0,1,336,5,4,2,9,108750,17640,25
1.0,0,0,0,0,0,0,0,0,308,4,7,1,6,44400,11676,16
1.0,0,0,0,0,0,0,0,0,436,7,5,2,6,62951,12042,49
1.0,0,0,0,0,0,0,0,1,440,7,5,2,6,78225,12042,49
1.0,0,0,0,0,0,0,0,1,540,6,6,2,9,57000,17676,36
1.0,0,0,0,0,0,0,0,1,364,5,6,1,7,42810,13699,25
1.0,0,0,0,0,0,0,0,1,586,8,5,2,7,90936,14014,64
1.0,0,0,0,0,0,0,0,1,478,6,5,2,7,68166,13832,36
1.0,0,0,1,0,0,0,0,1,484,7,5,2,6,49364,12030,49
1.0,0,1,0,0,0,0,0,1,467,7,6,2,7,209713,13958,49
1.0,0,0,1,0,0,0,0,1,836,9,5,3,10,101772,20080,81
1.0,1,0,0,0,0,0,0,1,432,6,7,2,7,67650,13524,36
1.0,0,0,0,1,0,0,0,0,582,8,5,2,6,39360,12006,64
1.0,0,0,0,0,0,0,0,0,1248,3,4,3,6,54000,11610,9
1.0,0,0,0,0,0,0,0,0,560,5,5,2,10,68000,19000,25
1.0,0,0,0,0,0,0,0,1,440,6,6,2,5,36000,9625,36
1.0,0,0,0,0,0,0,0,1,480,5,6,2,6,55000,11796,25
1.0,0,0,0,0,0,0,0,0,533,7,5,2,7,98000,13972,49
1.0,0,0,0,0,0,0,0,1,380,6,7,2,7,47022,13951,36
1.0,0,0,0,0,0,0,0,0,442,6,6,2,7,58560,13748,36
1.0,0,0,0,0,0,0,0,1,576,6,4,2,10,23784,19730,36
1.0,0,0,0,0,0,0,0,0,576,5,7,2,4,48000,7796,25
1.0,0,0,0,0,0,0,0,0,286,5,5,1,6,50760,11736,25
1.0,0,0,0,0,0,0,0,0,441,6,6,2,8,70200,15744,36
1.0,0,0,0,0,0,0,0,1,280,5,3,1,7,37925,13636,25
1.0,0,0,0,0,0,0,0,0,440,6,6,2,6,47700,11862,36
1.0,0,0,0,0,0,0,0,0,826,7,5,3,5,59892,10030,49
1.0,1,0,0,0,0,0,0,2,240,7,6,1,6,91875,11640,49
1.0,0,0,0,0,0,0,0,1,566,5,8,2,7,54000,13552,25
1.0,0,0,0,0,0,0,0,0,299,5,5,1,6,79350,11814,25
1.0,0,0,0,0,0,0,0,1,420,6,5,2,3,26610,6012,36
1.0,0,0,0,0,0,0,0,0,299,5,5,1,5,43875,9970,25
1.0,0,0,0,0,0,0,0,0,528,6,7,2,5,66240,9855,36
1.0,0,0,0,0,0,0,0,0,308,5,5,1,5,37500,9815,25
1.0,0,0,0,0,0,0,0,1,527,7,5,2,6,61243,12012,49
1.0,0,0,0,0,0,0,0,2,461,6,6,1,6,52800,11784,36
1.0,0,0,0,0,0,0,0,1,409,6,5,2,6,78186,11970,36
1.0,0,0,0,0,0,0,0,0,564,6,6,2,5,54414,9960,36
1.0,0,0,0,0,0,0,0,0,286,4,5,1,6,7896,11838,16
1.0,0,0,0,0,0,0,0,1,1043,8,5,3,9,84592,18045,64
1.0,0,0,0,0,0,0,0,0,380,7,5,2,7,17654,14028,49
1.0,0,0,0,0,0,0,0,1,550,8,5,2,4,26528,8020,64
1.0,0,0,0,0,0,0,1,0,400,3,4,2,6,25632,11700,9
1.0,0,0,0,0,0,0,0,0,462,7,5,2,4,15120,7996,49
1.0,0,0,0,0,0,0,0,1,576,6,5,2,7,50400,13475,36
1.0,0,0,0,0,0,0,0,0,884,5,8,2,6,46150,11790,25
1.0,0,0,0,0,0,0,0,0,308,5,7,1,4,29340,7824,25
1.0,0,0,0,0,0,0,0,1,440,6,5,2,6,55902,12036,36
1.0,0,0,0,1,0,0,0,0,461,8,5,2,5,29568,9930,64
1.0,0,0,0,0,0,0,0,0,240,4,6,1,6,24000,11616,16
1.0,0,0,0,0,0,0,0,1,478,7,5,2,7,83160,13846,49
1.0,0,0,0,0,0,0,0,0,246,2,5,1,3,16800,5760,4
1.0,0,0,0,0,0,0,0,0,280,5,5,1,5,48790,9855,25
1.0,0,0,0,0,0,0,0,0,254,5,7,1,6,35000,11760,25
1.0,0,0,0,0,0,0,1,1,539,6,6,2,6,53460,11754,36
1.0,0,0,0,0,0,0,0,0,440,5,5,2,6,10080,11820,25
1.0,0,1,0,0,0,0,0,2,712,8,5,2,9,98048,17946,64
1.0,0,0,0,0,0,0,0,1,719,7,5,2,6,72499,11940,49
1.0,0,0,0,0,0,0,0,1,422,7,5,2,9,162799,18054,49
1.0,0,0,0,0,0,0,0,1,463,6,5,2,7,48378,14000,36
1.0,0,0,1,0,0,0,0,1,862,8,5,3,7,90896,14028,64
1.0,0,0,0,0,0,0,0,1,431,6,5,2,8,48000,15960,36
1.0,0,0,0,0,0,0,0,1,483,7,6,2,8,73360,15808,49
1.0,0,0,0,0,0,0,0,0,308,5,7,1,5,35500,9785,25
1.0,0,0,0,0,0,0,0,0,240,5,7,1,6,44615,11718,25
1.0,0,0,0,0,0,0,0,0,326,5,7,1,4,27000,7816,25
1.0,0,0,1,0,0,0,0,1,928,8,5,3,7,96680,14049,64
1.0,0,0,0,0,0,0,0,1,527,8,5,2,7,62000,14014,64
1.0,0,0,0,0,0,0,0,0,450,5,7,2,5,48820,9835,25
1.0,0,0,0,0,0,0,0,0,300,5,6,1,6,69125,11748,25
1.0,0,0,0,0,0,0,1,0,286,5,5,1,6,37800,11754,25
1.0,0,0,0,0,0,0,1,1,308,6,5,1,6,49578,11520,36
1.0,0,0,0,0,0,0,0,0,782,7,5,3,7,70588,14035,49
1.0,0,0,0,0,0,0,0,0,288,4,3,1,5,35704,9780,16
1.0,0,0,0,0,0,0,0,1,392,7,5,2,7,63875,13944,49
1.0,0,0,0,0,0,0,0,1,672,4,5,2,5,41736,9775,16
1.0,0,0,0,0,0,0,0,1,660,7,5,3,7,25788,14049,49
1.0,0,0,0,0,0,0,0,1,630,7,5,3,7,102004,14028,49
1.0,0,0,0,0,0,0,0,1,434,7,5,2,8,82572,16032,49
1.0,0,0,0,0,0,0,0,0,672,5,5,2,4,36000,7920,25
1.0,0,0,0,0,0,0,0,2,576,4,3,2,7,31216,13496,16
1.0,0,0,0,0,0,0,0,0,205,6,4,1,8,59400,15040,36
1.0,0,0,0,0,0,0,0,1,466,8,5,2,8,78624,15960,64
1.0,0,0,0,0,0,0,0,1,460,6,5,2,7,52638,13979,36
1.0,0,0,0,0,0,0,0,1,180,6,5,1,5,37080,9630,36
1.0,0,0,0,0,0,0,0,0,288,6,5,1,6,57600,11700,36
1.0,0,0,0,0,0,0,0,2,714,6,5,2,5,58914,9885,36
1.0,0,0,0,0,0,0,0,1,495,5,5,2,6,43655,11520,25
1.0,0,0,0,0,0,0,0,0,840,5,7,2,4,36750,7804,25
1.0,0,0,0,0,0,0,0,1,484,5,7,2,9,51520,17784,25
1.0,0,0,0,0,0,0,0,1,1052,8,5,3,11,79720,22066,64
1.0,0,0,0,0,0,0,0,0,280,4,4,1,5,48720,9705,16
1.0,0,0,0,0,0,0,0,1,225,5,6,1,8,31200,15424,25
1.0,0,0,0,0,0,0,0,1,403,6,5,2,5,67200,9925,36
1.0,1,0,0,0,0,0,0,1,234,7,7,1,7,84000,13587,49
1.0,0,0,0,0,0,0,0,1,288,7,7,1,5,39900,9630,49
1.0,0,0,0,0,0,0,0,0,324,7,9,2,7,63000,13440,49
1.0,0,0,0,0,0,0,1,1,306,6,5,1,4,49680,7800,36
1.0,0,0,0,0,0,0,0,2,528,5,4,2,6,88775,11754,25
1.0,1,0,0,0,0,0,0,1,470,6,7,2,6,84690,11736,36
1.0,0,0,0,0,0,0,0,0,432,6,8,1,5,35340,9650,36
1.0,0,0,0,0,0,0,0,2,492,7,6,2,8,95900,15720,49
1.0,0,0,0,0,1,0,0,1,528,5,8,2,6,53840,11856,25
1.0,0,0,0,0,0,0,1,1,502,5,8,2,6,46750,11790,25
1.0,0,0,1,0,0,0,0,1,626,7,5,2,6,35007,12042,49
1.0,0,0,0,0,0,0,0,0,830,8,5,3,7,95456,14049,64
1.0,0,0,0,0,0,0,0,1,540,6,6,2,8,54720,15792,36
1.0,0,0,0,0,0,0,0,1,440,6,5,2,7,13680,13846,36
1.0,1,0,0,0,0,0,0,1,924,6,7,2,7,88668,13678,36
1.0,0,0,0,0,0,0,0,1,450,5,5,2,5,43620,9840,25
1.0,0,0,0,0,0,0,0,0,400,4,4,2,6,51600,11814,16
1.0,0,0,0,0,1,0,0,1,588,5,7,2,5,80785,9890,25
1.0,0,0,1,0,0,0,0,0,644,7,5,2,7,66787,14063,49
1.0,0,0,0,0,0,0,0,0,776,8,5,3,7,83800,14056,64
1.0,0,0,0,0,0,0,0,1,472,6,5,2,7,65112,14000,36
1.0,0,0,0,0,0,0,0,2,540,6,7,2,7,82368,13545,36
1.0,0,1,0,0,0,0,0,1,807,10,5,3,10,357600,19950,100
1.0,0,0,0,0,0,0,0,1,358,6,6,1,6,59280,11862,36
1.0,0,0,0,0,0,0,0,1,433,6,6,2,6,54720,11748,36
1.0,0,0,0,0,0,0,0,0,625,7,5,2,5,28119,10030,49
1.0,1,0,0,0,0,0,0,1,360,6,8,2,9,99360,17388,36
1.0,0,1,0,0,0,0,0,1,541,8,5,2,9,85424,17928,64
1.0,0,0,0,0,0,0,0,0,264,5,5,1,5,34755,9920,25
1.0,0,0,0,0,0,0,0,0,210,6,8,1,5,23700,9630,36
1.0,1,0,0,0,0,0,0,1,186,5,6,1,7,38405,13447,25
1.0,0,0,0,0,0,0,0,0,693,7,5,2,8,78190,15920,49
1.0,1,0,0,0,0,0,0,1,482,8,5,2,5,44696,10040,64
1.0,0,1,0,0,0,0,0,2,813,10,5,3,10,156230,19960,100
1.0,0,0,0,0,0,0,0,1,720,5,6,2,5,54000,9600,25
1.0,0,0,0,0,0,0,0,2,995,5,4,3,5,175665,9815,25
1.0,0,0,0,0,0,0,0,0,392,5,7,1,7,48690,13468,25
1.0,0,0,0,0,0,0,0,0,420,3,5,2,7,31845,13300,9
1.0,0,1,0,0,0,0,0,1,757,8,5,3,5,99688,9970,64
1.0,0,0,0,0,0,0,0,0,493,7,5,2,7,62545,14014,49
1.0,0,0,0,0,0,0,0,1,442,7,5,2,7,52500,13993,49
1.0,0,0,0,0,0,0,0,1,1356,4,4,4,7,129852,13727,16
1.0,0,0,0,0,0,0,0,0,492,8,5,2,5,21160,9995,64
1.0,0,0,0,0,0,0,0,0,250,5,8,1,6,48000,11550,25
1.0,0,0,0,0,0,0,0,0,402,6,5,2,5,27000,9995,36
1.0,0,0,0,0,0,0,0,0,299,6,7,1,7,56184,13783,36
1.0,0,0,0,0,0,0,0,0,400,6,5,2,8,48174,16040,36
1.0,0,0,0,0,0,0,0,1,660,7,5,3,9,98378,18054,49
1.0,0,0,0,0,0,0,0,1,225,7,6,1,7,61950,13412,49
1.0,0,0,0,0,0,0,0,0,573,7,5,2,6,63700,12006,49
1.0,0,0,0,0,0,0,0,1,459,4,5,2,6,44940,11778,16
1.0,0,0,0,0,0,0,0,0,280,4,5,1,5,37412,9850,16
1.0,0,0,0,0,0,0,0,0,546,7,5,2,6,72800,11988,49
1.0,0,0,0,0,0,0,0,1,216,5,8,1,5,30000,9625,25
1.0,0,0,0,0,0,0,0,1,451,7,5,2,6,68250,12000,49
1.0,0,0,0,0,0,0,0,0,495,5,6,2,6,50700,11850,25
1.0,0,0,0,0,0,0,0,1,701,7,7,3,7,102788,13930,49
1.0,0,0,0,0,0,0,0,0,384,4,4,1,5,35600,9830,16
1.0,0,0,0,0,0,0,0,0,544,6,5,2,7,54810,14021,36
1.0,0,0,0,0,0,0,0,0,506,5,7,2,6,38815,11772,25
1.0,0,0,0,0,0,0,0,1,500,8,5,2,8,81456,16048,64
1.0,0,0,0,0,0,0,0,1,462,6,5,2,8,67308,15936,36
1.0,0,0,0,0,0,0,0,0,492,8,7,2,8,97072,15904,64
1.0,0,0,0,0,0,0,0,0,234,4,6,1,4,37360,7764,16
1.0,0,0,0,0,0,0,0,0,364,4,9,1,3,40984,5895,16
1.0,0,0,0,0,0,0,0,0,300,5,5,1,6,51025,11772,25
1.0,0,0,0,0,0,0,0,0,384,5,5,1,5,35470,9830,25
1.0,0,0,0,0,0,0,0,0,539,6,5,2,8,53580,15824,36
1.0,0,0,0,0,0,0,0,0,552,8,5,2,6,69120,12054,64
1.0,0,0,0,0,0,0,0,0,288,5,5,1,5,39000,9820,25
1.0,0,0,0,0,0,0,0,1,322,5,5,1,5,41250,9840,25
1.0,0,0,0,0,0,0,0,1,315,6,6,1,7,62976,13643,36
1.0,0,0,0,0,0,0,0,0,528,5,3,2,7,53400,13657,25
1.0,0,0,0,0,0,0,0,1,388,7,5,2,8,107688,16032,49
1.0,0,0,0,0,0,0,0,0,264,6,8,1,6,62892,11748,36
1.0,0,0,0,0,0,0,0,1,668,6,5,3,9,87588,18063,36
1.0,0,0,0,0,0,0,0,0,576,5,8,2,5,44360,9825,25
1.0,0,0,1,0,0,0,0,1,1052,9,5,3,7,78921,14056,81
1.0,0,0,0,0,0,0,1,0,404,5,5,1,7,39550,13720,25
1.0,0,0,0,0,0,0,0,1,600,5,5,2,12,94450,23724,25
1.0,0,0,0,0,0,0,0,0,540,5,6,2,6,38640,11772,25
1.0,0,0,0,0,0,0,0,0,462,4,5,2,6,39368,11772,16
1.0,0,0,0,0,0,0,0,0,531,5,5,2,6,60800,11754,25
1.0,1,0,0,0,0,0,0,0,180,5,5,1,9,65660,17226,25
1.0,0,0,1,0,0,0,0,0,474,7,5,2,6,18396,12018,49
1.0,0,0,0,0,0,0,0,1,434,7,5,2,8,86751,16032,49
1.0,0,0,0,0,0,0,0,0,484,6,5,2,6,78432,12030,36
1.0,0,0,0,0,0,0,0,1,472,8,5,2,6,72296,12036,64
1.0,0,0,0,0,0,0,0,0,543,7,5,2,8,57106,16024,49
1.0,0,0,0,0,0,0,0,0,954,7,6,3,7,68943,14049,49
1.0,0,0,0,0,0,0,0,2,528,7,6,2,6,74375,11844,49
1.0,0,0,1,0,0,0,0,1,850,10,5,3,7,138910,14042,100
1.0,1,0,0,0,0,0,1,2,400,8,7,2,7,91480,13503,64
1.0,0,0,0,0,0,0,0,1,477,6,7,2,7,72540,13888,36
1.0,0,0,0,0,0,0,0,0,615,7,5,2,6,56875,12030,49
1.0,0,0,0,0,0,0,0,0,888,6,5,3,6,73968,11856,36
1.0,0,0,0,0,0,0,0,1,396,6,5,2,8,57600,15336,36
1.0,0,0,0,0,0,0,0,0,276,5,7,1,6,36000,11700,25
1.0,0,0,0,0,0,0,1,2,522,7,5,2,8,78120,15744,49
1.0,0,0,1,0,0,0,0,1,478,7,5,2,6,21952,12018,49
1.0,0,0,0,0,0,0,0,0,288,5,6,1,5,49290,9840,25
1.0,0,0,0,0,1,0,0,2,518,7,7,2,9,122794,17766,49
1.0,0,0,0,0,0,0,0,1,397,7,5,2,7,48517,14021,49
1.0,0,0,0,0,0,0,0,1,560,6,6,1,6,37440,11586,36
1.0,0,1,0,0,0,0,0,1,691,8,5,2,7,114424,13958,64
1.0,0,0,0,0,0,0,0,0,400,7,5,2,5,67109,10025,49
1.0,0,0,0,0,0,0,0,0,460,6,8,2,6,58500,11814,36
1.0,0,0,0,0,0,0,0,1,502,6,5,2,7,148092,13993,36
1.0,0,0,0,0,0,0,0,0,338,5,6,1,5,48000,9780,25
1.0,0,0,0,0,0,0,0,2,304,4,5,1,8,45000,15656,16
1.0,0,0,0,0,0,0,0,1,520,6,6,2,8,81090,15352,36
1.0,0,0,0,0,0,0,0,0,511,6,5,2,5,24360,9990,36
1.0,0,0,0,0,0,0,0,0,506,7,5,2,6,26145,11994,49
1.0,0,0,0,0,0,0,0,1,308,7,4,1,9,70840,17190,49
1.0,0,0,0,0,0,0,0,1,746,9,5,3,10,118926,20080,81
1.0,1,0,0,0,0,0,0,2,1014,8,9,3,11,112800,21285,64
1.0,0,0,0,0,0,0,0,0,315,5,5,1,7,56720,13706,25
1.0,0,0,0,0,0,0,0,1,586,7,6,2,4,165165,7916,49
1.0,0,0,0,0,0,0,1,1,462,6,7,2,7,54936,13776,36
1.0,0,0,0,0,0,0,0,0,288,5,6,1,5,67630,9825,25
1.0,0,0,0,0,0,0,0,1,312,6,7,1,5,69072,9795,36
1.0,1,0,0,0,0,0,0,1,552,5,6,2,8,26810,15280,25
1.0,0,0,0,0,0,0,0,0,400,5,5,2,10,56725,19480,25
1.0,0,0,0,0,0,0,0,1,497,6,6,2,6,77616,11832,36
1.0,0,0,0,0,0,0,0,1,480,6,5,2,7,107226,13769,36
1.0,0,0,0,0,0,0,0,1,577,8,5,2,7,75784,14014,64
1.0,0,0,0,0,0,0,0,0,528,4,4,2,6,30000,11520,16
1.0,0,0,0,0,0,0,0,0,544,7,5,2,6,68656,12012,49
1.0,0,0,0,0,0,0,0,1,484,7,5,2,6,56343,11940,49
1.0,0,0,0,0,0,0,0,0,484,5,7,2,5,44000,9885,25
1.0,0,0,0,0,0,0,0,1,336,6,7,1,10,57828,19190,36
1.0,0,0,0,0,0,0,0,1,280,6,6,1,6,36000,11634,36
1.0,0,0,0,0,0,0,0,2,528,6,5,2,6,58740,11778,36
1.0,0,0,0,0,0,0,0,0,390,5,5,2,7,182500,13748,25
1.0,0,0,0,1,0,0,0,1,499,8,5,2,5,45312,10000,64
1.0,0,0,1,0,0,0,0,1,753,8,5,3,8,88520,16048,64
1.0,0,0,0,0,0,0,0,1,484,5,7,2,6,70560,11784,25
1.0,0,0,0,0,0,0,0,0,264,5,7,1,6,8400,11832,25
1.0,0,0,0,0,0,0,0,0,432,5,4,1,11,33000,20812,25
1.0,0,0,0,0,0,0,0,1,528,7,5,2,8,70980,15808,49
1.0,0,0,0,0,0,0,0,0,572,5,7,2,5,40860,9775,25
1.0,0,0,0,0,0,0,0,0,288,5,5,1,5,42000,9840,25
1.0,0,0,0,0,0,0,0,0,525,5,6,2,6,43500,11778,25
1.0,0,0,0,0,0,0,0,0,525,6,5,2,5,22050,10025,36
1.0,0,0,0,0,0,0,0,3,1418,10,5,2,12,638870,24096,100
1.0,0,0,0,0,0,0,1,0,305,5,7,1,6,37500,11754,25
1.0,0,0,0,0,0,0,0,1,490,7,5,2,9,75334,17991,49
1.0,1,0,0,0,0,0,0,2,213,6,7,1,7,45000,13594,36
1.0,0,1,0,0,0,0,0,1,844,8,5,3,8,80960,15952,64
1.0,0,0,0,0,0,0,0,0,834,7,5,3,7,60816,14035,49
1.0,0,0,0,0,0,0,0,0,380,7,5,2,7,23541,14028,49
1.0,0,0,1,0,0,0,0,2,840,9,5,2,6,118557,12036,81
1.0,0,0,1,0,0,0,0,1,474,7,5,2,6,48685,12030,49
1.0,0,0,0,0,0,0,0,0,480,5,5,2,5,40360,9970,25
1.0,0,0,0,0,0,0,0,0,528,5,7,2,6,60000,11688,25
1.0,0,0,0,0,0,0,0,0,496,6,5,2,6,42918,11946,36
1.0,1,0,0,0,0,0,1,2,567,7,8,2,7,122500,13713,49
1.0,0,0,0,0,0,0,0,0,508,7,5,2,6,61698,12030,49
1.0,0,1,0,0,0,0,0,1,750,8,5,2,9,76576,17910,64
1.0,0,1,0,0,0,0,0,1,779,9,5,3,10,132966,19990,81
1.0,0,0,0,0,0,0,0,1,280,4,6,1,5,32760,9770,16
1.0,0,0,0,0,0,0,0,2,576,6,5,2,9,66450,17721,36
1.0,0,0,0,0,0,0,0,1,860,8,5,3,8,81808,16064,64
1.0,0,0,0,0,0,0,0,1,466,7,5,2,5,29610,10030,49
1.0,0,0,0,0,0,0,0,1,748,8,5,3,7,118248,14007,64
1.0,0,0,0,0,0,0,0,0,248,4,5,1,5,40860,9770,16
1.0,0,0,0,0,0,0,1,2,442,6,3,2,6,50400,11742,36
1.0,0,0,0,0,0,0,0,0,287,3,6,1,4,19881,7796,9
1.0,0,1,0,0,0,0,0,1,564,7,5,2,8,71302,15936,49
1.0,0,0,0,0,0,0,0,1,895,8,5,3,7,79888,14042,64
1.0,0,0,0,0,0,0,0,1,264,5,9,1,5,33000,9910,25
1.0,0,0,0,0,0,0,1,2,520,6,7,2,8,62640,15360,36
1.0,0,0,0,0,0,0,0,1,462,7,5,2,8,63588,15984,49
1.0,0,0,0,0,0,0,0,1,825,8,5,3,7,80000,14042,64
1.0,0,0,0,0,0,0,0,0,576,5,5,2,6,53900,11856,25
1.0,0,0,0,0,0,0,0,1,288,4,6,1,3,35508,5814,16
1.0,0,0,0,0,0,0,0,0,297,5,6,1,6,36000,11628,25
1.0,0,0,0,0,0,0,0,0,440,5,6,2,7,11840,13790,25
1.0,0,0,0,0,0,0,0,1,630,6,5,2,6,57900,11862,36
1.0,0,0,0,0,0,0,0,0,506,5,5,2,8,46230,15784,25
1.0,0,0,0,0,0,0,0,0,492,7,5,2,8,94150,16016,49
1.0,0,0,0,0,0,0,0,0,288,5,7,1,5,47800,9860,25
1.0,0,0,0,0,0,0,0,0,480,4,5,4,5,33176,9855,16
1.0,0,0,0,0,0,0,0,0,576,6,5,2,6,82170,12018,36
1.0,0,0,0,0,0,0,0,1,647,8,5,2,7,75000,14014,64
1.0,1,0,0,0,0,0,1,1,342,6,6,2,9,45348,17352,36
1.0,0,0,0,0,0,0,0,1,440,7,5,2,8,77721,16048,49
1.0,0,0,0,0,0,0,0,0,308,4,4,1,5,24000,9600,16
1.0,0,0,0,0,0,0,1,1,508,7,7,2,9,145467,17712,49
1.0,0,0,0,0,0,0,0,1,712,8,5,3,7,122448,14042,64
1.0,0,0,0,0,0,0,0,1,514,7,5,2,5,113372,9990,49
1.0,0,0,0,0,0,0,0,0,968,5,5,4,12,58215,23628,25
1.0,0,0,0,0,0,0,0,1,490,6,6,2,8,55482,15696,36
1.0,0,0,0,0,0,0,0,0,624,6,9,2,4,36000,7748,36
1.0,0,1,0,0,0,0,0,1,666,8,5,3,9,117760,17955,64
1.0,0,0,0,0,0,0,0,1,839,7,5,3,7,72212,14000,49
1.0,0,0,0,0,0,0,0,1,487,7,6,2,8,71344,15744,49
1.0,0,0,0,0,0,0,0,0,264,5,5,1,5,47385,9830,25
1.0,0,0,0,0,0,0,0,1,500,5,6,2,6,62685,11826,25
1.0,0,0,0,0,0,0,0,0,440,6,5,2,5,12702,10000,36
1.0,0,0,1,0,0,0,0,1,770,9,5,3,8,150633,16032,81
1.0,0,0,0,0,0,0,0,0,621,5,6,2,8,49210,15368,25
1.0,0,0,0,1,0,0,0,1,430,7,5,2,7,113106,14035,49
1.0,0,0,0,0,0,0,0,1,368,4,4,1,7,50052,13440,16
1.0,0,0,0,0,0,0,0,1,432,6,5,2,6,50994,12036,36
1.0,0,0,0,0,0,0,0,0,480,7,5,2,4,22260,8020,49
1.0,0,0,0,0,0,0,0,0,663,7,5,2,7,52500,14000,49
1.0,0,0,0,0,0,0,0,0,588,7,5,2,7,64253,13993,49
1.0,0,0,0,0,0,0,0,1,336,5,6,1,6,13325,11862,25
1.0,0,0,0,0,0,0,0,0,420,6,5,2,4,26610,8012,36
1.0,0,0,0,0,0,0,0,1,502,8,5,2,8,85080,16024,64
1.0,0,0,0,0,0,0,0,0,338,4,6,1,6,21600,11520,16
1.0,0,0,0,0,0,0,0,1,377,6,6,1,8,57600,15640,36
1.0,0,0,0,0,0,0,0,1,583,7,6,2,8,68250,15984,49
1.0,0,1,0,0,0,0,0,2,804,10,5,3,8,114000,16008,100
1.0,0,0,0,0,0,0,0,1,936,7,5,3,9,74375,18045,49
1.0,0,0,0,0,0,0,0,1,722,8,5,3,7,87928,14049,64
1.0,0,0,0,0,0,0,0,0,160,6,5,1,4,37752,7720,36
1.0,0,0,0,0,0,0,0,0,660,5,5,2,6,54990,11646,25
1.0,0,0,0,0,0,0,0,0,264,6,5,1,5,11718,9865,36
1.0,0,0,0,0,0,0,0,0,400,5,5,2,7,48675,14042,25
1.0,0,0,0,0,0,0,0,0,200,3,3,1,5,24636,9570,9
1.0,0,0,0,0,0,0,1,2,550,6,7,2,7,77550,13790,36
1.0,0,0,0,0,0,0,0,0,576,7,7,2,8,50400,15360,49
1.0,0,0,0,0,0,0,0,0,576,5,7,2,7,126695,13426,25
1.0,0,0,0,0,0,0,0,0,280,6,5,1,6,54360,11634,36
1.0,0,0,0,0,0,0,0,0,240,4,8,1,7,21744,13454,16
1.0,0,0,0,0,0,0,0,2,564,7,5,2,12,116844,23736,49
1.0,0,0,0,0,0,0,0,1,216,6,7,1,10,51120,19160,36
1.0,0,0,0,0,0,0,0,2,758,9,5,3,7,134028,14042,81
1.0,0,0,0,0,0,0,0,1,440,6,6,2,6,36000,11646,36
1.0,0,0,0,0,0,0,0,0,541,7,5,2,6,63700,12000,49
1.0,0,0,0,0,0,0,0,0,792,5,5,3,8,44720,15736,25
1.0,0,0,0,0,0,0,0,1,288,5,5,1,6,39190,11802,25
1.0,0,0,0,0,0,0,0,1,672,6,7,2,7,64800,13335,36
1.0,0,0,0,0,0,0,0,1,648,7,5,3,6,28315,12036,49
1.0,0,0,0,0,0,0,0,1,642,8,5,3,9,101320,18045,64
1.0,0,0,0,0,0,0,0,2,572,5,5,2,7,286000,13636,25
1.0,0,0,0,0,0,0,0,0,180,5,8,1,8,30600,15360,25
1.0,0,0,0,0,0,0,0,0,240,5,4,1,7,36000,13650,25
1.0,0,0,0,0,0,0,0,1,216,6,6,1,7,37026,13475,36
1.0,0,0,0,0,0,0,0,1,208,6,7,1,5,36000,9645,36
1.0,0,0,0,0,0,0,0,1,398,6,5,2,8,44490,16032,36
1.0,0,0,0,0,0,0,0,1,662,7,5,2,6,47334,12036,49
1.0,0,0,0,0,0,0,0,0,754,8,5,3,6,122048,12042,64
1.0,0,0,0,0,0,0,0,0,936,3,4,3,6,31230,11490,9
1.0,1,0,0,0,0,0,0,1,482,8,5,2,5,30736,10020,64
1.0,0,0,0,0,0,0,0,0,396,5,7,2,5,42225,9860,25
1.0,0,0,0,0,0,0,0,0,528,4,7,2,6,30960,11460,16
1.0,0,0,0,0,0,0,0,1,542,7,6,2,7,143808,13902,49
1.0,0,0,0,0,0,0,0,0,622,7,5,2,6,86940,12006,49
1.0,0,0,0,0,0,0,0,0,271,6,8,1,6,57600,11700,36
1.0,0,0,0,0,0,0,1,0,420,4,5,2,6,28800,11694,16
1.0,0,0,0,0,0,0,0,1,620,8,5,2,7,87952,14035,64
1.0,0,0,0,0,0,0,0,1,370,6,7,2,8,78318,15384,36
1.0,0,0,0,0,0,0,0,1,660,7,5,3,7,25445,14049,49
1.0,0,0,0,0,0,0,0,0,560,4,6,2,11,45360,20735,16
1.0,0,1,0,0,0,0,0,1,1069,8,5,3,7,132360,13986,64
1.0,0,0,0,0,0,0,0,0,336,5,5,1,6,46020,11778,25
1.0,1,0,0,0,0,0,0,1,540,6,5,2,7,98286,13783,36
1.0,0,0,0,0,0,0,0,1,776,6,6,2,7,70200,13776,36
1.0,0,0,0,0,0,0,0,1,440,6,5,2,4,24258,7908,36
1.0,0,0,0,0,0,0,0,0,420,6,5,2,3,26610,6009,36
1.0,0,0,0,0,0,0,0,1,432,6,7,2,8,118140,15728,36
1.0,0,0,0,0,0,0,0,1,484,5,5,1,6,47515,11748,25
1.0,0,0,0,0,0,0,0,0,528,6,6,2,7,64326,13713,36
1.0,0,1,0,0,0,0,0,2,525,7,5,2,5,76608,9970,49
1.0,0,0,0,0,0,0,0,1,288,5,6,1,6,54650,11670,25
1.0,0,0,0,0,0,0,0,2,240,5,7,1,4,36000,7760,25
1.0,0,0,0,0,0,0,0,1,467,6,7,2,7,75276,13867,36
1.0,0,0,0,0,0,0,0,1,372,5,5,2,7,109650,14035,25
1.0,0,0,0,0,0,0,0,0,440,6,6,2,5,29568,9880,36
1.0,0,0,0,0,0,0,0,0,216,4,6,1,5,43200,9635,16
1.0,0,0,0,0,0,0,0,1,451,6,5,2,8,61566,16000,36
1.0,0,0,0,0,0,0,1,1,484,5,5,2,5,87000,9885,25
1.0,0,0,0,0,0,0,0,1,462,6,9,2,7,50400,13734,36
1.0,0,0,0,0,0,0,0,0,528,4,6,2,5,36000,9855,16
1.0,0,0,1,0,0,0,0,1,774,8,5,3,7,99552,14056,64
1.0,0,0,0,0,0,0,0,0,923,6,7,2,6,44442,11742,36
1.0,0,0,0,0,0,0,0,1,550,7,6,2,6,81088,11874,49
1.0,1,0,0,0,0,0,0,1,672,6,7,2,11,69156,21142,36
1.0,0,0,0,0,0,0,0,1,420,6,5,2,3,26556,6012,36
1.0,0,0,0,0,0,0,0,1,812,10,5,3,10,110030,20080,100
1.0,0,0,0,0,0,0,0,1,192,6,6,1,4,53124,7664,36
1.0,0,0,0,0,0,0,0,0,626,7,5,2,7,59500,14028,49
1.0,0,0,0,0,0,0,0,0,240,6,5,1,6,50400,11796,36
1.0,0,0,0,0,0,0,0,0,312,5,7,1,6,130710,11772,25
1.0,0,0,0,0,0,0,0,1,556,8,5,2,8,80000,15960,64
1.0,0,0,0,0,0,0,0,0,384,4,7,1,6,47068,11460,16
1.0,0,0,0,0,0,0,0,1,840,8,5,3,7,74096,14056,64
1.0,0,0,0,0,0,0,0,0,525,5,5,2,5,18375,10025,25
1.0,0,0,0,0,0,0,0,0,400,7,5,2,6,52500,12024,49
1.0,0,0,0,0,0,0,0,1,460,6,5,2,7,47502,13993,36
1.0,0,0,0,0,0,0,0,2,500,6,6,2,7,79050,13846,36
1.0,1,0,0,0,0,0,0,2,252,7,9,1,9,63294,17469,49
1.0,0,0,0,0,0,0,0,0,240,5,6,1,5,48585,9750,25
1.0,0,0,0,0,0,0,0,0,276,5,6,1,6,49685,11790,25
